time,open,high,low,close,volume
2025-06-05 00:00:00,10000.0,10003.49,9998.86,10000.47,61
2025-06-05 00:01:00,10008.65,10009.47,10005.43,10009.17,111
2025-06-05 00:02:00,10008.51,10014.14,10007.8,10012.32,209
2025-06-05 00:03:00,10009.27,10015.35,10006.17,10009.49,280
2025-06-05 00:04:00,10012.53,10013.78,10008.93,10011.95,225
2025-06-05 00:05:00,10022.3,10031.86,10014.57,10019.99,76
2025-06-05 00:06:00,10030.72,10036.56,10025.01,10034.53,86
2025-06-05 00:07:00,10034.62,10040.08,10024.67,10031.01,55
2025-06-05 00:08:00,10030.75,10032.53,10024.86,10025.51,111
2025-06-05 00:09:00,10031.13,10031.71,10022.51,10023.06,112
2025-06-05 00:10:00,10029.94,10034.1,10022.78,10026.83,212
2025-06-05 00:11:00,10028.99,10037.91,10027.39,10037.58,53
2025-06-05 00:12:00,10028.18,10028.77,10019.08,10019.5,74
2025-06-05 00:13:00,10031.27,10038.51,10023.91,10026.72,124
2025-06-05 00:14:00,10032.09,10039.87,10029.68,10031.34,243
2025-06-05 00:15:00,10043.03,10044.17,10035.85,10041.64,155
2025-06-05 00:16:00,10042.97,10049.33,10038.93,10043.86,58
2025-06-05 00:17:00,10048.95,10058.52,10043.55,10051.09,282
2025-06-05 00:18:00,10045.54,10049.69,10043.35,10043.42,224
2025-06-05 00:19:00,10042.68,10045.27,10039.17,10041.05,108
2025-06-05 00:20:00,10044.08,10052.82,10040.19,10041.98,242
2025-06-05 00:21:00,10047.09,10051.21,10037.9,10038.34,273
2025-06-05 00:22:00,10039.91,10041.89,10030.06,10034.07,59
2025-06-05 00:23:00,10036.89,10040.44,10028.73,10033.67,55
2025-06-05 00:24:00,10052.03,10061.87,10043.62,10056.52,266
2025-06-05 00:25:00,10059.2,10067.99,10056.42,10058.48,78
2025-06-05 00:26:00,10061.67,10071.61,10060.74,10064.62,237
2025-06-05 00:27:00,10064.71,10069.09,10060.47,10068.03,105
2025-06-05 00:28:00,10068.5,10070.96,10064.15,10067.15,139
2025-06-05 00:29:00,10068.85,10074.14,10061.42,10070.8,221
2025-06-05 00:30:00,10064.21,10071.78,10056.1,10060.93,220
2025-06-05 00:31:00,10067.53,10070.5,10064.21,10064.76,119
2025-06-05 00:32:00,10065.48,10070.43,10057.64,10058.69,111
2025-06-05 00:33:00,10061.99,10069.51,10054.27,10067.41,199
2025-06-05 00:34:00,10065.47,10069.75,10057.87,10059.98,142
2025-06-05 00:35:00,10067.93,10068.68,10065.04,10066.23,219
2025-06-05 00:36:00,10062.31,10064.44,10060.9,10062.63,244
2025-06-05 00:37:00,10058.08,10063.51,10057.65,10062.13,129
2025-06-05 00:38:00,10062.47,10068.15,10061.75,10067.96,270
2025-06-05 00:39:00,10063.55,10063.63,10056.05,10059.66,160
2025-06-05 00:40:00,10066.28,10069.84,10066.21,10067.64,133
2025-06-05 00:41:00,10069.8,10073.31,10067.25,10068.1,298
2025-06-05 00:42:00,10076.87,10083.05,10067.95,10068.43,112
2025-06-05 00:43:00,10075.09,10077.0,10070.01,10070.89,85
2025-06-05 00:44:00,10073.08,10082.15,10064.59,10072.09,203
2025-06-05 00:45:00,10076.15,10085.64,10075.28,10079.67,190
2025-06-05 00:46:00,10071.37,10078.61,10062.62,10076.76,119
2025-06-05 00:47:00,10067.74,10069.9,10064.84,10069.38,145
2025-06-05 00:48:00,10069.44,10075.14,10067.81,10068.49,129
2025-06-05 00:49:00,10065.87,10069.58,10065.42,10067.42,271
2025-06-05 00:50:00,10075.67,10085.48,10066.01,10076.84,274
2025-06-05 00:51:00,10077.56,10078.36,10073.34,10074.08,184
2025-06-05 00:52:00,10072.4,10073.13,10067.49,10068.42,82
2025-06-05 00:53:00,10066.42,10073.3,10061.47,10066.99,90
2025-06-05 00:54:00,10073.74,10083.29,10066.87,10076.64,107
2025-06-05 00:55:00,10071.13,10078.42,10064.05,10078.11,224
2025-06-05 00:56:00,10073.26,10081.85,10063.47,10071.67,263
2025-06-05 00:57:00,10069.96,10074.0,10062.3,10062.54,131
2025-06-05 00:58:00,10072.28,10078.98,10069.3,10070.51,243
2025-06-05 00:59:00,10074.43,10077.63,10071.03,10075.2,110
2025-06-05 01:00:00,10066.4,10066.73,10061.95,10066.5,273
2025-06-05 01:01:00,10060.18,10067.3,10053.88,10060.88,155
2025-06-05 01:02:00,10062.59,10063.64,10060.96,10062.3,255
2025-06-05 01:03:00,10060.62,10069.25,10056.6,10058.83,122
2025-06-05 01:04:00,10062.68,10064.38,10055.75,10058.51,234
2025-06-05 01:05:00,10060.1,10064.3,10059.91,10060.7,62
2025-06-05 01:06:00,10051.92,10057.51,10043.85,10052.77,76
2025-06-05 01:07:00,10048.52,10056.76,10047.81,10050.49,270
2025-06-05 01:08:00,10046.2,10050.64,10044.8,10047.82,180
2025-06-05 01:09:00,10057.75,10061.91,10053.35,10060.84,271
2025-06-05 01:10:00,10066.12,10069.37,10061.84,10065.23,281
2025-06-05 01:11:00,10070.33,10077.88,10063.14,10065.27,246
2025-06-05 01:12:00,10065.81,10068.11,10064.51,10067.24,288
2025-06-05 01:13:00,10064.02,10066.25,10056.77,10062.99,179
2025-06-05 01:14:00,10066.25,10066.56,10058.43,10066.01,296
2025-06-05 01:15:00,10075.8,10081.11,10075.39,10079.83,56
2025-06-05 01:16:00,10079.21,10085.46,10076.22,10085.31,115
2025-06-05 01:17:00,10085.02,10085.81,10075.26,10080.96,110
2025-06-05 01:18:00,10074.85,10084.6,10066.28,10075.39,212
2025-06-05 01:19:00,10062.51,10066.71,10055.76,10057.88,93
2025-06-05 01:20:00,10056.8,10059.39,10053.89,10056.56,64
2025-06-05 01:21:00,10056.17,10058.84,10048.94,10056.44,52
2025-06-05 01:22:00,10062.78,10068.98,10057.49,10068.55,287
2025-06-05 01:23:00,10062.92,10063.69,10055.17,10056.59,259
2025-06-05 01:24:00,10074.38,10076.87,10065.62,10065.98,51
2025-06-05 01:25:00,10069.77,10076.09,10064.39,10067.96,218
2025-06-05 01:26:00,10066.43,10075.83,10056.53,10061.54,123
2025-06-05 01:27:00,10071.6,10076.06,10068.98,10071.91,269
2025-06-05 01:28:00,10079.07,10084.07,10071.41,10074.84,240
2025-06-05 01:29:00,10077.96,10083.92,10077.32,10079.08,161
2025-06-05 01:30:00,10079.97,10083.88,10079.86,10082.1,58
2025-06-05 01:31:00,10079.92,10081.06,10073.01,10080.49,76
2025-06-05 01:32:00,10073.04,10074.24,10065.9,10068.72,258
2025-06-05 01:33:00,10070.34,10071.62,10060.41,10061.7,90
2025-06-05 01:34:00,10062.4,10064.34,10055.47,10064.14,259
2025-06-05 01:35:00,10072.45,10073.29,10067.88,10072.37,213
2025-06-05 01:36:00,10081.18,10086.03,10076.36,10084.92,231
2025-06-05 01:37:00,10078.66,10080.13,10073.9,10076.12,167
2025-06-05 01:38:00,10066.38,10076.01,10056.86,10073.62,295
2025-06-05 01:39:00,10062.12,10068.1,10053.01,10065.54,272
2025-06-05 01:40:00,10055.16,10064.84,10053.1,10053.21,98
2025-06-05 01:41:00,10054.46,10062.99,10053.75,10061.24,139
2025-06-05 01:42:00,10056.68,10061.26,10051.95,10060.03,235
2025-06-05 01:43:00,10061.76,10063.3,10053.4,10058.72,288
2025-06-05 01:44:00,10063.33,10065.95,10062.16,10063.52,51
2025-06-05 01:45:00,10066.65,10075.34,10064.97,10065.54,235
2025-06-05 01:46:00,10069.08,10076.94,10067.15,10075.69,270
2025-06-05 01:47:00,10070.61,10078.68,10064.54,10069.43,269
2025-06-05 01:48:00,10075.55,10077.19,10067.85,10073.06,124
2025-06-05 01:49:00,10086.06,10095.36,10076.88,10090.2,86
2025-06-05 01:50:00,10078.41,10087.44,10073.09,10086.96,156
2025-06-05 01:51:00,10079.27,10080.75,10073.55,10079.24,284
2025-06-05 01:52:00,10074.28,10081.5,10069.13,10079.26,96
2025-06-05 01:53:00,10076.1,10078.47,10071.14,10077.14,213
2025-06-05 01:54:00,10082.88,10086.56,10080.93,10084.79,71
2025-06-05 01:55:00,10078.83,10080.6,10074.36,10075.12,229
2025-06-05 01:56:00,10081.4,10083.37,10080.71,10082.42,243
2025-06-05 01:57:00,10069.48,10078.03,10065.67,10066.84,59
2025-06-05 01:58:00,10072.88,10073.41,10062.96,10068.28,204
2025-06-05 01:59:00,10072.39,10072.47,10069.11,10070.56,251
2025-06-05 02:00:00,10082.14,10085.67,10072.75,10076.09,182
2025-06-05 02:01:00,10080.79,10090.11,10071.11,10084.66,193
2025-06-05 02:02:00,10082.41,10085.98,10075.87,10075.95,210
2025-06-05 02:03:00,10085.17,10089.58,10081.42,10085.37,235
2025-06-05 02:04:00,10087.12,10089.36,10085.22,10089.02,204
2025-06-05 02:05:00,10086.93,10087.79,10080.0,10082.32,142
2025-06-05 02:06:00,10081.83,10086.15,10076.09,10082.19,199
2025-06-05 02:07:00,10079.55,10084.42,10077.61,10082.52,230
2025-06-05 02:08:00,10071.06,10076.05,10069.69,10070.11,274
2025-06-05 02:09:00,10064.29,10066.32,10061.83,10063.05,69
2025-06-05 02:10:00,10075.5,10076.71,10070.43,10072.93,90
2025-06-05 02:11:00,10081.09,10083.58,10074.21,10076.24,126
2025-06-05 02:12:00,10074.26,10074.35,10072.47,10074.19,178
2025-06-05 02:13:00,10072.49,10077.92,10065.61,10076.2,261
2025-06-05 02:14:00,10071.84,10074.65,10063.96,10064.23,56
2025-06-05 02:15:00,10076.78,10083.04,10076.14,10082.46,129
2025-06-05 02:16:00,10071.61,10073.84,10066.81,10070.41,134
2025-06-05 02:17:00,10075.22,10082.0,10065.77,10065.82,58
2025-06-05 02:18:00,10080.36,10082.3,10079.44,10081.03,127
2025-06-05 02:19:00,10084.98,10088.09,10076.69,10087.16,51
2025-06-05 02:20:00,10087.18,10094.08,10081.03,10086.92,290
2025-06-05 02:21:00,10084.46,10086.46,10076.82,10078.78,59
2025-06-05 02:22:00,10084.52,10089.8,10079.49,10079.92,126
2025-06-05 02:23:00,10082.22,10083.63,10077.55,10083.05,268
2025-06-05 02:24:00,10072.62,10080.05,10067.44,10071.19,140
2025-06-05 02:25:00,10072.56,10073.95,10065.92,10072.25,251
2025-06-05 02:26:00,10074.32,10084.31,10072.46,10084.13,247
2025-06-05 02:27:00,10076.94,10078.59,10072.9,10074.35,232
2025-06-05 02:28:00,10076.36,10083.85,10066.94,10073.82,252
2025-06-05 02:29:00,10072.47,10073.34,10067.06,10071.85,248
2025-06-05 02:30:00,10071.5,10080.28,10064.67,10078.47,149
2025-06-05 02:31:00,10072.61,10079.41,10067.28,10070.67,127
2025-06-05 02:32:00,10069.98,10073.64,10066.84,10066.95,283
2025-06-05 02:33:00,10072.24,10078.07,10069.53,10071.47,170
2025-06-05 02:34:00,10075.62,10084.68,10073.26,10075.0,192
2025-06-05 02:35:00,10071.98,10076.3,10066.2,10067.55,59
2025-06-05 02:36:00,10073.19,10074.91,10065.54,10068.94,149
2025-06-05 02:37:00,10068.52,10073.94,10059.83,10059.95,192
2025-06-05 02:38:00,10071.54,10076.43,10071.45,10074.72,231
2025-06-05 02:39:00,10072.67,10081.26,10065.83,10078.25,53
2025-06-05 02:40:00,10068.05,10078.04,10067.55,10075.43,288
2025-06-05 02:41:00,10070.23,10073.23,10065.27,10067.03,193
2025-06-05 02:42:00,10070.74,10077.19,10061.59,10075.18,287
2025-06-05 02:43:00,10068.03,10070.68,10063.88,10065.91,156
2025-06-05 02:44:00,10068.6,10077.02,10065.14,10071.23,65
2025-06-05 02:45:00,10069.67,10073.81,10066.25,10072.84,115
2025-06-05 02:46:00,10074.41,10081.52,10068.19,10079.02,239
2025-06-05 02:47:00,10076.22,10083.56,10073.1,10081.85,240
2025-06-05 02:48:00,10074.57,10075.49,10065.16,10066.16,288
2025-06-05 02:49:00,10067.58,10077.23,10060.83,10076.82,143
2025-06-05 02:50:00,10068.43,10073.07,10059.38,10064.38,93
2025-06-05 02:51:00,10077.07,10086.28,10074.31,10080.59,134
2025-06-05 02:52:00,10078.53,10084.78,10077.03,10082.33,230
2025-06-05 02:53:00,10074.13,10079.5,10071.86,10075.82,292
2025-06-05 02:54:00,10072.6,10080.21,10069.21,10070.18,219
2025-06-05 02:55:00,10078.28,10081.45,10070.63,10080.23,96
2025-06-05 02:56:00,10080.56,10088.91,10070.66,10082.96,50
2025-06-05 02:57:00,10084.37,10086.29,10078.03,10078.63,56
2025-06-05 02:58:00,10084.24,10089.36,10082.78,10089.14,120
2025-06-05 02:59:00,10085.63,10091.99,10083.59,10086.17,83
2025-06-05 03:00:00,10089.74,10096.92,10087.7,10089.63,59
2025-06-05 03:01:00,10082.13,10089.65,10072.92,10076.33,228
2025-06-05 03:02:00,10082.65,10084.83,10079.77,10084.82,81
2025-06-05 03:03:00,10072.81,10076.08,10070.59,10072.25,255
2025-06-05 03:04:00,10074.24,10074.4,10072.96,10073.1,59
2025-06-05 03:05:00,10074.01,10077.39,10067.0,10072.64,269
2025-06-05 03:06:00,10068.01,10069.3,10060.89,10065.97,206
2025-06-05 03:07:00,10072.06,10073.52,10068.92,10072.87,141
2025-06-05 03:08:00,10059.32,10069.31,10058.81,10066.21,139
2025-06-05 03:09:00,10059.99,10065.35,10050.18,10062.07,181
2025-06-05 03:10:00,10063.17,10066.91,10055.32,10062.57,121
2025-06-05 03:11:00,10067.64,10072.8,10061.44,10065.38,97
2025-06-05 03:12:00,10073.0,10078.26,10072.5,10077.0,180
2025-06-05 03:13:00,10078.18,10079.48,10070.57,10077.92,263
2025-06-05 03:14:00,10077.7,10078.98,10069.2,10069.89,200
2025-06-05 03:15:00,10073.12,10082.87,10064.92,10076.53,203
2025-06-05 03:16:00,10073.35,10080.28,10068.09,10078.26,244
2025-06-05 03:17:00,10072.62,10078.78,10072.2,10073.37,274
2025-06-05 03:18:00,10068.72,10072.67,10065.76,10067.2,276
2025-06-05 03:19:00,10067.69,10069.55,10063.87,10068.21,188
2025-06-05 03:20:00,10077.17,10084.74,10076.59,10078.92,180
2025-06-05 03:21:00,10082.39,10084.4,10076.39,10077.37,265
2025-06-05 03:22:00,10080.21,10086.99,10077.53,10081.24,131
2025-06-05 03:23:00,10079.82,10086.44,10072.93,10077.41,106
2025-06-05 03:24:00,10079.44,10089.33,10072.8,10083.33,186
2025-06-05 03:25:00,10074.84,10082.41,10066.82,10066.83,199
2025-06-05 03:26:00,10080.23,10086.2,10077.82,10085.69,125
2025-06-05 03:27:00,10073.54,10079.65,10063.72,10078.75,146
2025-06-05 03:28:00,10081.42,10088.21,10072.09,10080.01,156
2025-06-05 03:29:00,10078.99,10084.83,10076.94,10080.34,209
2025-06-05 03:30:00,10087.27,10094.66,10077.66,10081.9,55
2025-06-05 03:31:00,10088.41,10091.13,10086.66,10090.25,229
2025-06-05 03:32:00,10096.0,10103.72,10093.54,10099.74,208
2025-06-05 03:33:00,10096.15,10103.19,10087.44,10098.89,131
2025-06-05 03:34:00,10109.29,10118.44,10101.81,10107.87,154
2025-06-05 03:35:00,10111.84,10113.01,10102.9,10103.61,203
2025-06-05 03:36:00,10110.7,10115.57,10109.24,10114.2,112
2025-06-05 03:37:00,10109.86,10116.59,10106.15,10114.37,286
2025-06-05 03:38:00,10112.38,10120.02,10111.48,10115.89,81
2025-06-05 03:39:00,10114.41,10116.53,10107.38,10115.3,206
2025-06-05 03:40:00,10104.74,10105.37,10101.18,10101.6,121
2025-06-05 03:41:00,10100.67,10109.41,10093.78,10096.96,132
2025-06-05 03:42:00,10099.79,10108.23,10090.8,10104.5,270
2025-06-05 03:43:00,10104.76,10112.29,10097.6,10110.41,283
2025-06-05 03:44:00,10107.16,10107.27,10099.92,10101.0,120
2025-06-05 03:45:00,10110.48,10113.4,10102.78,10105.06,177
2025-06-05 03:46:00,10115.59,10124.68,10106.7,10111.72,284
2025-06-05 03:47:00,10113.09,10114.68,10104.33,10106.57,73
2025-06-05 03:48:00,10110.16,10115.75,10103.68,10110.22,165
2025-06-05 03:49:00,10108.15,10114.14,10099.17,10111.22,169
2025-06-05 03:50:00,10098.52,10107.51,10092.3,10104.67,204
2025-06-05 03:51:00,10103.69,10107.8,10103.1,10106.19,221
2025-06-05 03:52:00,10110.35,10118.94,10107.87,10110.91,163
2025-06-05 03:53:00,10118.08,10121.42,10114.15,10117.67,120
2025-06-05 03:54:00,10125.47,10134.17,10124.71,10129.16,126
2025-06-05 03:55:00,10126.54,10127.83,10124.5,10126.1,107
2025-06-05 03:56:00,10124.71,10130.17,10120.91,10121.22,100
2025-06-05 03:57:00,10124.29,10133.66,10116.27,10122.03,142
2025-06-05 03:58:00,10121.35,10125.84,10117.16,10119.83,105
2025-06-05 03:59:00,10119.48,10124.84,10112.84,10124.7,219
2025-06-05 04:00:00,10120.65,10128.92,10116.49,10126.16,189
2025-06-05 04:01:00,10119.16,10124.3,10111.56,10121.0,221
2025-06-05 04:02:00,10117.74,10117.98,10109.4,10112.26,66
2025-06-05 04:03:00,10118.26,10124.56,10112.09,10123.8,257
2025-06-05 04:04:00,10118.47,10123.08,10110.2,10116.64,136
2025-06-05 04:05:00,10114.48,10115.59,10105.96,10110.09,96
2025-06-05 04:06:00,10113.29,10121.3,10109.08,10115.39,116
2025-06-05 04:07:00,10109.68,10115.56,10107.72,10112.45,87
2025-06-05 04:08:00,10106.09,10114.85,10102.57,10114.58,232
2025-06-05 04:09:00,10114.13,10119.48,10104.78,10119.12,59
2025-06-05 04:10:00,10111.53,10111.59,10106.65,10110.59,88
2025-06-05 04:11:00,10112.59,10119.91,10103.64,10113.88,171
2025-06-05 04:12:00,10112.25,10115.52,10110.56,10110.78,223
2025-06-05 04:13:00,10114.38,10123.91,10112.64,10121.08,168
2025-06-05 04:14:00,10103.53,10106.86,10093.87,10094.13,292
2025-06-05 04:15:00,10100.5,10106.2,10091.07,10102.35,124
2025-06-05 04:16:00,10100.56,10101.04,10099.02,10099.57,175
2025-06-05 04:17:00,10099.53,10100.9,10098.95,10099.15,106
2025-06-05 04:18:00,10095.57,10100.76,10088.3,10092.64,77
2025-06-05 04:19:00,10091.77,10100.02,10087.81,10092.13,180
2025-06-05 04:20:00,10095.7,10104.17,10085.87,10090.58,83
2025-06-05 04:21:00,10088.94,10098.22,10084.63,10094.32,196
2025-06-05 04:22:00,10082.27,10087.08,10073.44,10081.01,157
2025-06-05 04:23:00,10076.77,10082.13,10073.41,10076.25,215
2025-06-05 04:24:00,10071.88,10072.25,10070.03,10071.48,225
2025-06-05 04:25:00,10075.29,10080.67,10074.99,10076.69,288
2025-06-05 04:26:00,10073.43,10079.57,10072.85,10076.2,137
2025-06-05 04:27:00,10077.81,10087.77,10075.65,10076.32,142
2025-06-05 04:28:00,10075.52,10084.92,10071.81,10084.46,74
2025-06-05 04:29:00,10080.68,10090.07,10071.42,10073.83,134
2025-06-05 04:30:00,10082.42,10088.92,10078.75,10079.14,241
2025-06-05 04:31:00,10079.17,10083.33,10077.0,10080.31,158
2025-06-05 04:32:00,10075.97,10079.57,10073.01,10076.76,186
2025-06-05 04:33:00,10074.97,10078.49,10071.35,10077.4,211
2025-06-05 04:34:00,10071.37,10072.23,10061.54,10062.05,147
2025-06-05 04:35:00,10066.92,10067.99,10057.47,10067.94,139
2025-06-05 04:36:00,10068.82,10068.88,10060.66,10064.09,175
2025-06-05 04:37:00,10061.97,10066.13,10060.86,10062.75,234
2025-06-05 04:38:00,10061.52,10065.79,10054.67,10059.05,290
2025-06-05 04:39:00,10066.78,10075.64,10064.24,10065.08,217
2025-06-05 04:40:00,10060.57,10069.56,10058.36,10068.26,262
2025-06-05 04:41:00,10061.51,10070.93,10052.96,10061.76,134
2025-06-05 04:42:00,10072.55,10075.66,10064.07,10066.08,83
2025-06-05 04:43:00,10074.44,10079.7,10070.65,10072.46,285
2025-06-05 04:44:00,10082.01,10083.53,10072.88,10081.12,257
2025-06-05 04:45:00,10077.74,10078.01,10075.83,10077.9,139
2025-06-05 04:46:00,10072.16,10075.69,10070.12,10072.91,90
2025-06-05 04:47:00,10070.81,10075.26,10067.3,10073.6,201
2025-06-05 04:48:00,10068.71,10071.04,10068.64,10070.38,197
2025-06-05 04:49:00,10065.21,10066.39,10061.93,10065.63,157
2025-06-05 04:50:00,10058.65,10062.62,10057.91,10059.17,155
2025-06-05 04:51:00,10060.32,10069.85,10050.41,10051.75,173
2025-06-05 04:52:00,10059.43,10066.12,10056.82,10064.96,279
2025-06-05 04:53:00,10062.48,10062.83,10059.11,10059.4,274
2025-06-05 04:54:00,10061.62,10063.9,10057.04,10059.29,246
2025-06-05 04:55:00,10063.17,10065.93,10056.43,10056.51,252
2025-06-05 04:56:00,10064.45,10068.54,10059.91,10060.54,276
2025-06-05 04:57:00,10069.07,10075.06,10064.67,10071.46,279
2025-06-05 04:58:00,10070.09,10074.12,10067.34,10068.0,206
2025-06-05 04:59:00,10057.73,10061.37,10052.62,10057.09,281
2025-06-05 05:00:00,10054.29,10058.64,10046.54,10048.1,164
2025-06-05 05:01:00,10056.59,10057.7,10050.3,10055.27,134
2025-06-05 05:02:00,10051.98,10058.62,10046.26,10051.35,283
2025-06-05 05:03:00,10044.6,10047.54,10041.37,10046.98,299
2025-06-05 05:04:00,10046.7,10046.96,10044.91,10045.82,51
2025-06-05 05:05:00,10050.42,10053.62,10046.59,10048.04,115
2025-06-05 05:06:00,10056.88,10060.17,10054.39,10056.5,278
2025-06-05 05:07:00,10052.39,10056.41,10049.25,10051.08,137
2025-06-05 05:08:00,10051.62,10061.28,10044.76,10053.78,53
2025-06-05 05:09:00,10057.35,10058.09,10051.53,10057.7,212
2025-06-05 05:10:00,10062.14,10066.4,10059.4,10059.54,76
2025-06-05 05:11:00,10062.89,10069.9,10055.82,10066.43,83
2025-06-05 05:12:00,10063.36,10072.89,10057.53,10063.04,82
2025-06-05 05:13:00,10066.11,10072.1,10060.02,10068.74,67
2025-06-05 05:14:00,10054.63,10057.21,10053.83,10054.72,268
2025-06-05 05:15:00,10058.0,10064.22,10056.09,10062.82,177
2025-06-05 05:16:00,10064.38,10065.49,10058.99,10059.52,279
2025-06-05 05:17:00,10076.96,10080.87,10067.89,10070.14,140
2025-06-05 05:18:00,10070.11,10076.31,10061.75,10065.42,255
2025-06-05 05:19:00,10067.63,10068.84,10064.96,10068.23,90
2025-06-05 05:20:00,10068.63,10073.26,10060.73,10067.36,144
2025-06-05 05:21:00,10066.69,10076.19,10062.32,10070.32,223
2025-06-05 05:22:00,10075.76,10083.48,10075.34,10079.77,123
2025-06-05 05:23:00,10078.99,10082.53,10078.99,10081.51,129
2025-06-05 05:24:00,10076.21,10077.82,10070.97,10076.58,161
2025-06-05 05:25:00,10080.68,10088.05,10079.02,10086.82,136
2025-06-05 05:26:00,10090.1,10099.22,10089.77,10095.93,245
2025-06-05 05:27:00,10092.69,10094.82,10090.18,10091.96,113
2025-06-05 05:28:00,10089.66,10091.3,10082.2,10086.44,198
2025-06-05 05:29:00,10080.63,10081.31,10073.0,10075.78,80
2025-06-05 05:30:00,10080.87,10088.26,10071.03,10086.54,294
2025-06-05 05:31:00,10087.11,10087.41,10078.13,10081.9,284
2025-06-05 05:32:00,10078.52,10083.79,10077.38,10082.34,277
2025-06-05 05:33:00,10076.29,10084.47,10073.14,10082.1,79
2025-06-05 05:34:00,10069.35,10075.26,10066.83,10070.5,244
2025-06-05 05:35:00,10066.94,10069.0,10066.93,10067.09,95
2025-06-05 05:36:00,10073.27,10080.49,10066.97,10076.82,213
2025-06-05 05:37:00,10074.93,10081.01,10065.65,10066.98,211
2025-06-05 05:38:00,10068.97,10075.52,10063.25,10070.69,110
2025-06-05 05:39:00,10075.05,10082.49,10070.39,10077.39,249
2025-06-05 05:40:00,10084.26,10093.07,10077.76,10084.6,118
2025-06-05 05:41:00,10092.8,10097.2,10088.98,10091.37,266
2025-06-05 05:42:00,10086.14,10086.74,10083.35,10084.46,65
2025-06-05 05:43:00,10086.87,10089.71,10083.14,10089.01,104
2025-06-05 05:44:00,10071.72,10080.81,10064.2,10070.35,271
2025-06-05 05:45:00,10069.12,10073.89,10062.72,10065.9,286
2025-06-05 05:46:00,10071.0,10075.83,10066.95,10071.16,269
2025-06-05 05:47:00,10077.67,10078.97,10074.75,10078.63,200
2025-06-05 05:48:00,10082.69,10084.99,10077.53,10083.59,189
2025-06-05 05:49:00,10088.82,10096.98,10079.41,10086.37,76
2025-06-05 05:50:00,10092.84,10101.53,10087.76,10098.83,109
2025-06-05 05:51:00,10086.58,10092.42,10076.59,10087.8,95
2025-06-05 05:52:00,10086.65,10094.31,10079.34,10087.81,135
2025-06-05 05:53:00,10086.45,10090.1,10085.59,10088.59,142
2025-06-05 05:54:00,10085.46,10086.68,10077.25,10078.96,153
2025-06-05 05:55:00,10075.23,10080.74,10072.42,10075.3,121
2025-06-05 05:56:00,10071.66,10075.53,10070.92,10074.55,287
2025-06-05 05:57:00,10077.79,10085.3,10071.48,10076.85,50
2025-06-05 05:58:00,10079.64,10087.06,10072.89,10076.37,190
2025-06-05 05:59:00,10082.66,10084.03,10074.47,10077.56,149
2025-06-05 06:00:00,10073.85,10081.03,10069.82,10080.82,238
2025-06-05 06:01:00,10079.48,10084.18,10074.7,10077.97,84
2025-06-05 06:02:00,10086.5,10086.96,10085.99,10086.92,269
2025-06-05 06:03:00,10081.51,10086.42,10075.81,10081.94,287
2025-06-05 06:04:00,10083.4,10087.87,10075.12,10085.07,247
2025-06-05 06:05:00,10087.23,10094.18,10082.45,10090.5,177
2025-06-05 06:06:00,10083.79,10093.41,10077.79,10086.43,116
2025-06-05 06:07:00,10075.19,10079.61,10067.07,10067.24,266
2025-06-05 06:08:00,10077.34,10083.75,10074.44,10078.36,284
2025-06-05 06:09:00,10070.32,10076.01,10067.24,10073.22,168
2025-06-05 06:10:00,10074.0,10076.02,10065.5,10070.81,110
2025-06-05 06:11:00,10078.41,10083.1,10077.87,10079.15,135
2025-06-05 06:12:00,10088.61,10097.78,10085.2,10085.39,235
2025-06-05 06:13:00,10087.75,10090.97,10083.43,10089.39,182
2025-06-05 06:14:00,10088.76,10090.26,10083.58,10089.49,269
2025-06-05 06:15:00,10092.81,10096.09,10089.39,10091.25,298
2025-06-05 06:16:00,10096.49,10102.34,10088.2,10088.61,171
2025-06-05 06:17:00,10103.81,10109.35,10100.71,10109.01,119
2025-06-05 06:18:00,10100.03,10103.47,10097.0,10099.88,251
2025-06-05 06:19:00,10109.52,10110.24,10103.33,10108.58,257
2025-06-05 06:20:00,10110.71,10117.71,10102.2,10116.32,177
2025-06-05 06:21:00,10110.91,10111.73,10107.68,10109.71,138
2025-06-05 06:22:00,10103.0,10104.9,10101.68,10103.06,170
2025-06-05 06:23:00,10100.63,10102.42,10097.19,10100.95,116
2025-06-05 06:24:00,10107.41,10111.14,10101.54,10104.25,234
2025-06-05 06:25:00,10101.91,10111.17,10096.15,10101.83,257
2025-06-05 06:26:00,10099.99,10104.72,10097.29,10102.74,258
2025-06-05 06:27:00,10098.31,10101.88,10091.54,10096.59,78
2025-06-05 06:28:00,10085.96,10094.49,10085.38,10088.0,257
2025-06-05 06:29:00,10087.5,10088.24,10080.41,10086.23,100
2025-06-05 06:30:00,10085.68,10090.48,10084.27,10090.1,83
2025-06-05 06:31:00,10086.28,10086.89,10085.43,10085.54,291
2025-06-05 06:32:00,10082.0,10084.88,10075.32,10080.59,91
2025-06-05 06:33:00,10079.72,10080.11,10070.47,10077.07,135
2025-06-05 06:34:00,10072.3,10073.37,10065.5,10066.1,286
2025-06-05 06:35:00,10076.77,10084.39,10073.86,10083.12,202
2025-06-05 06:36:00,10081.59,10087.15,10080.82,10085.7,191
2025-06-05 06:37:00,10078.66,10083.4,10072.97,10075.31,235
2025-06-05 06:38:00,10078.38,10086.28,10076.68,10085.04,101
2025-06-05 06:39:00,10087.2,10091.74,10084.57,10091.66,96
2025-06-05 06:40:00,10089.15,10091.5,10080.65,10088.34,113
2025-06-05 06:41:00,10098.15,10099.85,10091.18,10092.84,82
2025-06-05 06:42:00,10103.2,10107.39,10103.06,10106.77,61
2025-06-05 06:43:00,10105.82,10106.65,10097.09,10105.98,61
2025-06-05 06:44:00,10104.65,10111.44,10104.34,10106.19,259
2025-06-05 06:45:00,10114.48,10120.6,10113.07,10116.23,287
2025-06-05 06:46:00,10120.4,10127.05,10115.05,10122.71,262
2025-06-05 06:47:00,10113.34,10121.33,10106.89,10106.94,259
2025-06-05 06:48:00,10111.24,10117.36,10101.67,10108.91,52
2025-06-05 06:49:00,10118.76,10121.16,10118.26,10121.09,82
2025-06-05 06:50:00,10126.47,10133.8,10125.53,10132.05,136
2025-06-05 06:51:00,10119.99,10122.0,10118.24,10120.35,247
2025-06-05 06:52:00,10121.97,10128.82,10114.85,10120.22,268
2025-06-05 06:53:00,10129.65,10138.07,10125.82,10137.89,158
2025-06-05 06:54:00,10129.77,10134.85,10125.0,10127.31,289
2025-06-05 06:55:00,10129.97,10137.84,10124.63,10134.36,167
2025-06-05 06:56:00,10136.95,10139.55,10128.18,10134.02,110
2025-06-05 06:57:00,10131.78,10141.39,10127.28,10134.77,122
2025-06-05 06:58:00,10130.15,10133.68,10124.04,10127.91,294
2025-06-05 06:59:00,10134.82,10138.17,10130.63,10137.18,151
2025-06-05 07:00:00,10127.79,10130.59,10118.44,10124.28,262
2025-06-05 07:01:00,10125.1,10132.11,10123.73,10124.2,216
2025-06-05 07:02:00,10118.07,10119.15,10117.05,10118.63,192
2025-06-05 07:03:00,10119.42,10126.28,10110.24,10117.43,126
2025-06-05 07:04:00,10123.69,10128.11,10115.34,10126.13,103
2025-06-05 07:05:00,10119.48,10124.67,10112.04,10112.65,125
2025-06-05 07:06:00,10128.7,10129.18,10124.61,10127.12,63
2025-06-05 07:07:00,10119.96,10129.86,10112.85,10115.56,268
2025-06-05 07:08:00,10124.56,10130.73,10122.06,10128.84,248
2025-06-05 07:09:00,10123.5,10125.24,10115.93,10123.58,136
2025-06-05 07:10:00,10124.89,10130.11,10116.77,10127.1,103
2025-06-05 07:11:00,10117.93,10118.71,10114.19,10114.77,77
2025-06-05 07:12:00,10117.52,10123.47,10114.4,10116.66,245
2025-06-05 07:13:00,10109.05,10116.94,10103.15,10112.58,98
2025-06-05 07:14:00,10105.74,10110.87,10096.68,10102.18,196
2025-06-05 07:15:00,10103.28,10112.73,10099.7,10112.65,140
2025-06-05 07:16:00,10103.67,10107.49,10094.7,10104.25,70
2025-06-05 07:17:00,10100.71,10105.46,10095.7,10101.36,137
2025-06-05 07:18:00,10098.73,10104.9,10089.51,10094.21,51
2025-06-05 07:19:00,10104.57,10108.34,10102.02,10105.43,137
2025-06-05 07:20:00,10111.22,10114.19,10103.36,10109.62,135
2025-06-05 07:21:00,10113.14,10115.92,10106.25,10107.66,116
2025-06-05 07:22:00,10109.23,10114.49,10105.82,10113.67,90
2025-06-05 07:23:00,10116.07,10125.51,10113.66,10117.22,99
2025-06-05 07:24:00,10112.89,10120.71,10106.94,10116.31,104
2025-06-05 07:25:00,10114.65,10118.02,10105.41,10111.44,245
2025-06-05 07:26:00,10119.36,10125.08,10115.37,10121.5,106
2025-06-05 07:27:00,10119.11,10120.61,10116.82,10117.21,276
2025-06-05 07:28:00,10129.79,10136.27,10123.39,10124.4,67
2025-06-05 07:29:00,10128.81,10133.45,10125.96,10132.7,156
2025-06-05 07:30:00,10120.34,10128.78,10118.64,10122.71,112
2025-06-05 07:31:00,10115.11,10123.5,10114.08,10117.69,216
2025-06-05 07:32:00,10121.68,10129.56,10118.79,10121.24,276
2025-06-05 07:33:00,10124.03,10132.97,10114.76,10132.54,204
2025-06-05 07:34:00,10122.62,10130.11,10118.79,10120.68,126
2025-06-05 07:35:00,10121.41,10126.7,10116.95,10118.86,72
2025-06-05 07:36:00,10118.92,10127.73,10110.27,10111.91,53
2025-06-05 07:37:00,10124.02,10124.28,10120.78,10123.93,205
2025-06-05 07:38:00,10113.75,10114.47,10111.89,10112.4,289
2025-06-05 07:39:00,10121.74,10131.72,10121.73,10131.57,160
2025-06-05 07:40:00,10118.59,10119.92,10114.94,10116.64,246
2025-06-05 07:41:00,10126.48,10126.68,10116.95,10118.86,233
2025-06-05 07:42:00,10138.52,10146.22,10137.68,10138.49,299
2025-06-05 07:43:00,10136.77,10138.28,10129.82,10138.09,285
2025-06-05 07:44:00,10140.18,10143.08,10131.58,10133.62,267
2025-06-05 07:45:00,10138.67,10142.51,10132.79,10138.35,75
2025-06-05 07:46:00,10138.95,10144.23,10135.06,10137.47,268
2025-06-05 07:47:00,10146.21,10148.23,10139.35,10147.8,225
2025-06-05 07:48:00,10145.52,10152.84,10139.24,10145.25,265
2025-06-05 07:49:00,10143.61,10152.0,10134.79,10148.71,145
2025-06-05 07:50:00,10137.3,10141.83,10130.33,10133.03,281
2025-06-05 07:51:00,10140.0,10142.63,10136.59,10138.27,81
2025-06-05 07:52:00,10147.53,10147.81,10141.75,10144.25,196
2025-06-05 07:53:00,10145.22,10151.22,10136.0,10140.48,250
2025-06-05 07:54:00,10139.2,10144.3,10138.23,10143.09,164
2025-06-05 07:55:00,10149.75,10153.16,10148.81,10150.46,218
2025-06-05 07:56:00,10149.2,10157.6,10141.96,10155.87,184
2025-06-05 07:57:00,10149.49,10155.28,10139.5,10151.1,58
2025-06-05 07:58:00,10136.22,10138.18,10135.97,10136.66,188
2025-06-05 07:59:00,10137.69,10143.14,10128.09,10140.54,239
2025-06-05 08:00:00,10134.22,10135.9,10130.95,10133.31,226
2025-06-05 08:01:00,10128.46,10133.08,10119.07,10130.1,68
2025-06-05 08:02:00,10128.48,10130.61,10119.1,10125.68,141
2025-06-05 08:03:00,10128.78,10132.33,10126.11,10127.91,262
2025-06-05 08:04:00,10127.19,10136.1,10120.45,10127.76,99
2025-06-05 08:05:00,10131.29,10137.17,10121.82,10132.99,156
2025-06-05 08:06:00,10131.25,10131.85,10123.92,10130.16,164
2025-06-05 08:07:00,10127.41,10132.79,10127.24,10130.69,107
2025-06-05 08:08:00,10121.09,10125.99,10118.02,10121.07,171
2025-06-05 08:09:00,10116.03,10118.6,10112.32,10113.78,227
2025-06-05 08:10:00,10125.43,10127.42,10119.6,10121.15,88
2025-06-05 08:11:00,10119.46,10120.89,10114.3,10115.95,197
2025-06-05 08:12:00,10119.64,10129.31,10114.19,10126.94,285
2025-06-05 08:13:00,10119.57,10124.42,10111.88,10119.44,113
2025-06-05 08:14:00,10121.27,10127.29,10114.64,10115.9,200
2025-06-05 08:15:00,10117.6,10122.82,10109.64,10113.25,103
2025-06-05 08:16:00,10118.07,10126.8,10117.94,10118.4,255
2025-06-05 08:17:00,10113.35,10122.73,10106.32,10110.06,251
2025-06-05 08:18:00,10116.07,10118.64,10108.24,10115.83,192
2025-06-05 08:19:00,10108.7,10110.1,10104.64,10107.28,91
2025-06-05 08:20:00,10112.94,10120.74,10109.99,10114.76,284
2025-06-05 08:21:00,10110.0,10111.21,10105.96,10106.14,165
2025-06-05 08:22:00,10114.52,10123.03,10106.0,10119.23,186
2025-06-05 08:23:00,10111.18,10114.74,10108.0,10110.91,191
2025-06-05 08:24:00,10114.14,10121.12,10108.9,10111.75,174
2025-06-05 08:25:00,10116.96,10125.34,10116.41,10118.26,245
2025-06-05 08:26:00,10106.05,10108.8,10099.67,10104.05,63
2025-06-05 08:27:00,10109.96,10116.41,10104.85,10109.17,191
2025-06-05 08:28:00,10107.67,10112.12,10105.8,10109.61,98
2025-06-05 08:29:00,10116.41,10120.82,10107.19,10117.21,86
2025-06-05 08:30:00,10115.62,10115.81,10110.5,10113.23,108
2025-06-05 08:31:00,10105.74,10113.87,10101.61,10104.65,227
2025-06-05 08:32:00,10104.04,10108.34,10094.16,10096.24,122
2025-06-05 08:33:00,10106.35,10108.17,10099.08,10099.92,149
2025-06-05 08:34:00,10110.77,10113.91,10105.76,10106.95,89
2025-06-05 08:35:00,10113.79,10114.24,10106.62,10112.15,139
2025-06-05 08:36:00,10107.45,10108.3,10101.85,10108.07,185
2025-06-05 08:37:00,10116.96,10118.44,10110.96,10118.06,142
2025-06-05 08:38:00,10109.47,10114.29,10106.87,10108.31,66
2025-06-05 08:39:00,10106.75,10109.6,10102.74,10106.23,250
2025-06-05 08:40:00,10109.2,10118.5,10105.84,10110.61,124
2025-06-05 08:41:00,10108.78,10113.27,10103.91,10108.65,230
2025-06-05 08:42:00,10104.13,10108.67,10103.8,10106.85,283
2025-06-05 08:43:00,10100.35,10106.37,10096.4,10104.01,250
2025-06-05 08:44:00,10101.47,10109.92,10100.27,10102.08,138
2025-06-05 08:45:00,10107.2,10114.37,10100.23,10105.7,93
2025-06-05 08:46:00,10105.34,10113.51,10102.52,10102.61,51
2025-06-05 08:47:00,10107.5,10115.92,10104.72,10109.91,207
2025-06-05 08:48:00,10111.86,10120.1,10104.97,10106.8,230
2025-06-05 08:49:00,10110.4,10115.61,10103.07,10107.51,128
2025-06-05 08:50:00,10106.48,10108.98,10100.26,10107.63,120
2025-06-05 08:51:00,10105.7,10109.11,10104.04,10108.15,267
2025-06-05 08:52:00,10099.92,10105.21,10097.19,10104.5,214
2025-06-05 08:53:00,10100.09,10101.67,10095.55,10097.69,225
2025-06-05 08:54:00,10106.51,10116.24,10103.35,10114.56,177
2025-06-05 08:55:00,10110.82,10120.8,10110.7,10120.34,237
2025-06-05 08:56:00,10113.86,10114.17,10108.61,10113.27,277
2025-06-05 08:57:00,10117.59,10121.5,10107.79,10114.47,266
2025-06-05 08:58:00,10124.28,10130.52,10122.08,10124.44,82
2025-06-05 08:59:00,10123.05,10127.51,10121.37,10122.5,78
2025-06-05 09:00:00,10117.91,10127.65,10114.62,10120.46,193
2025-06-05 09:01:00,10126.45,10127.04,10123.65,10123.65,283
2025-06-05 09:02:00,10124.0,10130.01,10117.94,10126.37,272
2025-06-05 09:03:00,10131.39,10132.95,10128.13,10132.33,61
2025-06-05 09:04:00,10129.99,10138.63,10124.07,10124.29,202
2025-06-05 09:05:00,10126.34,10128.14,10124.14,10127.38,232
2025-06-05 09:06:00,10136.17,10145.68,10131.2,10131.67,170
2025-06-05 09:07:00,10138.56,10141.7,10138.01,10140.82,280
2025-06-05 09:08:00,10135.83,10143.08,10129.35,10141.88,203
2025-06-05 09:09:00,10130.93,10133.34,10125.39,10125.46,255
2025-06-05 09:10:00,10132.0,10139.27,10129.15,10133.45,87
2025-06-05 09:11:00,10131.77,10136.76,10125.69,10129.62,235
2025-06-05 09:12:00,10136.21,10144.22,10132.76,10140.05,195
2025-06-05 09:13:00,10133.89,10136.84,10131.79,10133.24,146
2025-06-05 09:14:00,10126.51,10127.82,10119.72,10126.28,196
2025-06-05 09:15:00,10116.0,10117.8,10111.07,10115.57,272
2025-06-05 09:16:00,10116.05,10119.35,10109.17,10113.73,91
2025-06-05 09:17:00,10107.79,10117.24,10101.76,10104.21,52
2025-06-05 09:18:00,10114.93,10116.25,10113.15,10115.46,296
2025-06-05 09:19:00,10116.93,10117.8,10116.09,10116.78,198
2025-06-05 09:20:00,10112.91,10121.19,10108.89,10115.33,213
2025-06-05 09:21:00,10121.97,10122.59,10117.15,10121.79,129
2025-06-05 09:22:00,10124.21,10126.69,10115.66,10125.93,191
2025-06-05 09:23:00,10116.9,10118.16,10116.09,10116.93,237
2025-06-05 09:24:00,10114.4,10117.15,10104.57,10116.78,225
2025-06-05 09:25:00,10116.68,10118.02,10109.29,10112.58,61
2025-06-05 09:26:00,10114.97,10115.8,10110.26,10114.93,211
2025-06-05 09:27:00,10123.58,10128.66,10117.72,10120.86,158
2025-06-05 09:28:00,10124.72,10129.71,10115.6,10128.07,295
2025-06-05 09:29:00,10114.67,10120.23,10111.03,10112.96,211
2025-06-05 09:30:00,10119.9,10121.23,10114.94,10115.91,61
2025-06-05 09:31:00,10122.4,10132.3,10113.39,10123.38,86
2025-06-05 09:32:00,10117.57,10120.4,10115.49,10119.23,178
2025-06-05 09:33:00,10114.67,10117.24,10113.81,10114.05,133
2025-06-05 09:34:00,10111.83,10115.82,10108.11,10111.0,244
2025-06-05 09:35:00,10115.54,10121.19,10110.65,10111.74,90
2025-06-05 09:36:00,10116.08,10116.11,10115.27,10115.94,185
2025-06-05 09:37:00,10120.46,10121.5,10116.73,10120.3,197
2025-06-05 09:38:00,10119.61,10120.03,10117.31,10118.33,104
2025-06-05 09:39:00,10115.89,10123.41,10114.66,10114.9,55
2025-06-05 09:40:00,10112.42,10119.53,10111.88,10115.02,174
2025-06-05 09:41:00,10108.35,10118.0,10099.17,10114.11,269
2025-06-05 09:42:00,10113.5,10113.79,10112.62,10113.16,200
2025-06-05 09:43:00,10114.92,10122.32,10111.27,10114.76,206
2025-06-05 09:44:00,10111.61,10111.89,10110.8,10111.51,192
2025-06-05 09:45:00,10112.92,10121.35,10110.86,10118.1,290
2025-06-05 09:46:00,10119.7,10127.84,10114.75,10118.92,259
2025-06-05 09:47:00,10117.25,10118.49,10116.56,10117.25,293
2025-06-05 09:48:00,10120.85,10128.48,10117.46,10119.67,103
2025-06-05 09:49:00,10119.37,10122.92,10115.44,10119.2,195
2025-06-05 09:50:00,10117.53,10120.32,10110.76,10112.85,195
2025-06-05 09:51:00,10115.49,10118.75,10110.78,10111.13,121
2025-06-05 09:52:00,10110.15,10114.8,10105.44,10112.51,149
2025-06-05 09:53:00,10112.01,10115.55,10107.87,10110.5,249
2025-06-05 09:54:00,10115.2,10123.01,10109.23,10110.14,199
2025-06-05 09:55:00,10119.07,10128.54,10117.93,10122.59,110
2025-06-05 09:56:00,10118.95,10121.58,10113.79,10118.19,198
2025-06-05 09:57:00,10119.17,10119.3,10110.99,10112.98,257
2025-06-05 09:58:00,10116.44,10125.52,10114.1,10120.47,172
2025-06-05 09:59:00,10115.54,10117.11,10107.68,10108.21,66
2025-06-05 10:00:00,10111.42,10112.24,10101.57,10109.6,160
2025-06-05 10:01:00,10109.65,10112.9,10103.22,10112.33,164
2025-06-05 10:02:00,10104.57,10114.14,10100.55,10104.75,206
2025-06-05 10:03:00,10108.85,10110.86,10105.87,10108.35,208
2025-06-05 10:04:00,10108.1,10111.86,10104.67,10111.8,67
2025-06-05 10:05:00,10098.95,10098.98,10095.26,10097.2,106
2025-06-05 10:06:00,10106.94,10115.71,10098.53,10106.58,118
2025-06-05 10:07:00,10109.63,10115.13,10106.9,10111.88,218
2025-06-05 10:08:00,10113.1,10118.27,10104.81,10108.57,266
2025-06-05 10:09:00,10114.05,10116.11,10104.44,10114.17,163
2025-06-05 10:10:00,10107.02,10109.18,10102.9,10103.82,214
2025-06-05 10:11:00,10108.13,10111.0,10104.72,10108.92,180
2025-06-05 10:12:00,10109.21,10110.2,10102.16,10106.15,53
2025-06-05 10:13:00,10103.26,10103.26,10101.32,10101.53,228
2025-06-05 10:14:00,10107.09,10108.07,10103.8,10105.69,64
2025-06-05 10:15:00,10110.49,10112.74,10109.45,10112.4,74
2025-06-05 10:16:00,10109.27,10110.27,10109.01,10109.54,187
2025-06-05 10:17:00,10111.84,10112.39,10102.42,10107.67,140
2025-06-05 10:18:00,10110.72,10119.97,10107.13,10108.93,267
2025-06-05 10:19:00,10117.32,10122.32,10109.12,10120.82,262
2025-06-05 10:20:00,10115.49,10123.13,10115.28,10120.46,94
2025-06-05 10:21:00,10112.28,10119.58,10107.69,10116.47,261
2025-06-05 10:22:00,10113.06,10115.33,10105.73,10106.48,265
2025-06-05 10:23:00,10113.84,10116.28,10105.82,10112.17,127
2025-06-05 10:24:00,10117.42,10123.0,10110.97,10111.35,143
2025-06-05 10:25:00,10118.0,10120.1,10117.05,10119.32,103
2025-06-05 10:26:00,10104.13,10108.19,10096.04,10105.78,183
2025-06-05 10:27:00,10103.06,10104.03,10095.43,10100.05,198
2025-06-05 10:28:00,10105.68,10108.13,10098.55,10100.95,274
2025-06-05 10:29:00,10102.74,10107.29,10098.48,10105.69,60
2025-06-05 10:30:00,10103.56,10106.82,10102.6,10104.35,206
2025-06-05 10:31:00,10097.12,10107.07,10095.12,10097.44,172
2025-06-05 10:32:00,10102.87,10103.61,10093.03,10095.73,272
2025-06-05 10:33:00,10098.71,10108.42,10095.43,10099.1,285
2025-06-05 10:34:00,10108.87,10111.46,10105.87,10109.06,238
2025-06-05 10:35:00,10120.02,10129.73,10113.24,10115.67,190
2025-06-05 10:36:00,10120.32,10123.67,10111.86,10122.05,123
2025-06-05 10:37:00,10120.4,10121.97,10111.72,10118.7,177
2025-06-05 10:38:00,10119.71,10119.85,10118.95,10119.54,115
2025-06-05 10:39:00,10118.56,10124.22,10115.63,10119.07,111
2025-06-05 10:40:00,10118.4,10124.3,10117.02,10120.9,200
2025-06-05 10:41:00,10119.57,10121.37,10119.3,10120.1,294
2025-06-05 10:42:00,10121.02,10123.98,10119.07,10122.2,133
2025-06-05 10:43:00,10120.88,10129.59,10111.77,10117.32,198
2025-06-05 10:44:00,10126.81,10130.97,10123.97,10129.91,208
2025-06-05 10:45:00,10126.84,10127.19,10122.24,10126.22,206
2025-06-05 10:46:00,10130.34,10130.57,10121.83,10122.83,151
2025-06-05 10:47:00,10125.33,10133.4,10124.48,10126.43,211
2025-06-05 10:48:00,10118.43,10119.68,10111.07,10116.44,211
2025-06-05 10:49:00,10111.95,10113.48,10102.4,10102.88,177
2025-06-05 10:50:00,10110.29,10110.48,10100.94,10100.94,65
2025-06-05 10:51:00,10112.46,10116.3,10104.5,10105.79,280
2025-06-05 10:52:00,10114.84,10120.25,10112.84,10117.96,206
2025-06-05 10:53:00,10117.71,10122.53,10110.85,10121.57,176
2025-06-05 10:54:00,10117.58,10126.23,10107.98,10124.17,252
2025-06-05 10:55:00,10119.87,10121.04,10118.8,10120.13,51
2025-06-05 10:56:00,10121.42,10124.19,10113.3,10123.71,177
2025-06-05 10:57:00,10120.0,10128.9,10118.43,10126.0,299
2025-06-05 10:58:00,10114.44,10120.77,10108.96,10118.37,223
2025-06-05 10:59:00,10118.1,10118.1,10114.34,10115.36,212
2025-06-05 11:00:00,10117.62,10122.23,10112.66,10116.14,238
2025-06-05 11:01:00,10112.86,10118.19,10112.55,10114.93,75
2025-06-05 11:02:00,10109.89,10119.16,10101.46,10105.96,197
2025-06-05 11:03:00,10110.08,10117.3,10104.75,10105.17,188
2025-06-05 11:04:00,10118.2,10121.64,10116.87,10118.3,241
2025-06-05 11:05:00,10114.04,10116.44,10104.42,10111.23,158
2025-06-05 11:06:00,10109.09,10112.17,10106.69,10107.11,234
2025-06-05 11:07:00,10108.54,10111.49,10103.56,10107.36,156
2025-06-05 11:08:00,10110.02,10118.8,10102.08,10114.53,126
2025-06-05 11:09:00,10105.62,10106.73,10098.72,10099.61,129
2025-06-05 11:10:00,10102.94,10104.44,10102.28,10103.88,257
2025-06-05 11:11:00,10107.38,10111.13,10106.0,10108.42,88
2025-06-05 11:12:00,10104.03,10113.83,10101.69,10109.25,198
2025-06-05 11:13:00,10107.96,10113.45,10099.02,10111.75,146
2025-06-05 11:14:00,10105.27,10105.51,10099.38,10100.81,113
2025-06-05 11:15:00,10105.41,10106.93,10100.28,10101.52,119
2025-06-05 11:16:00,10112.14,10116.56,10108.2,10108.73,80
2025-06-05 11:17:00,10114.48,10119.17,10113.65,10117.4,80
2025-06-05 11:18:00,10121.04,10121.72,10119.67,10120.65,83
2025-06-05 11:19:00,10119.09,10125.21,10111.63,10124.31,164
2025-06-05 11:20:00,10115.56,10123.74,10108.41,10120.14,254
2025-06-05 11:21:00,10118.37,10120.88,10110.65,10114.25,198
2025-06-05 11:22:00,10115.61,10123.28,10107.49,10122.37,123
2025-06-05 11:23:00,10111.37,10120.75,10110.02,10114.38,167
2025-06-05 11:24:00,10111.76,10116.35,10110.95,10115.18,159
2025-06-05 11:25:00,10112.47,10114.26,10107.83,10111.27,104
2025-06-05 11:26:00,10118.43,10121.74,10113.03,10116.04,194
2025-06-05 11:27:00,10120.17,10128.1,10115.42,10119.75,171
2025-06-05 11:28:00,10125.84,10128.52,10117.34,10121.07,60
2025-06-05 11:29:00,10131.2,10133.93,10123.98,10124.08,250
2025-06-05 11:30:00,10127.2,10129.79,10125.51,10125.75,115
2025-06-05 11:31:00,10130.87,10130.94,10125.51,10128.05,66
2025-06-05 11:32:00,10131.32,10134.31,10124.89,10129.51,117
2025-06-05 11:33:00,10130.99,10140.04,10130.58,10139.64,268
2025-06-05 11:34:00,10134.94,10138.76,10133.46,10134.83,50
2025-06-05 11:35:00,10142.23,10149.3,10135.02,10135.44,103
2025-06-05 11:36:00,10139.93,10143.33,10134.41,10134.51,144
2025-06-05 11:37:00,10136.3,10142.01,10126.95,10136.69,92
2025-06-05 11:38:00,10128.45,10129.31,10127.01,10127.89,180
2025-06-05 11:39:00,10132.88,10142.39,10130.89,10132.52,119
2025-06-05 11:40:00,10128.83,10135.98,10123.78,10127.05,87
2025-06-05 11:41:00,10126.53,10126.88,10123.65,10123.68,229
2025-06-05 11:42:00,10123.39,10128.03,10119.87,10122.87,140
2025-06-05 11:43:00,10112.3,10115.89,10104.57,10109.45,292
2025-06-05 11:44:00,10115.0,10122.26,10109.41,10110.75,170
2025-06-05 11:45:00,10113.12,10122.92,10107.59,10117.15,59
2025-06-05 11:46:00,10113.13,10118.06,10109.18,10114.0,87
2025-06-05 11:47:00,10107.11,10109.66,10097.91,10099.61,63
2025-06-05 11:48:00,10105.45,10113.32,10100.1,10101.37,205
2025-06-05 11:49:00,10104.25,10110.21,10099.82,10107.57,210
2025-06-05 11:50:00,10107.94,10114.7,10099.61,10104.45,119
2025-06-05 11:51:00,10102.05,10112.02,10095.14,10111.34,217
2025-06-05 11:52:00,10099.76,10102.28,10091.95,10099.54,50
2025-06-05 11:53:00,10103.48,10110.79,10101.57,10102.05,85
2025-06-05 11:54:00,10097.22,10105.03,10093.4,10097.84,288
2025-06-05 11:55:00,10097.25,10102.97,10089.77,10097.17,103
2025-06-05 11:56:00,10092.33,10102.0,10085.53,10090.46,189
2025-06-05 11:57:00,10091.41,10096.1,10084.19,10094.75,66
2025-06-05 11:58:00,10100.21,10103.29,10091.29,10099.43,96
2025-06-05 11:59:00,10107.17,10109.41,10105.85,10106.54,263
2025-06-05 12:00:00,10105.83,10113.82,10101.56,10107.42,224
2025-06-05 12:01:00,10111.85,10118.22,10103.66,10104.77,297
2025-06-05 12:02:00,10102.07,10110.72,10093.13,10098.74,131
2025-06-05 12:03:00,10100.13,10105.74,10093.26,10103.66,71
2025-06-05 12:04:00,10096.31,10102.55,10094.84,10100.59,237
2025-06-05 12:05:00,10103.01,10112.22,10094.02,10105.21,244
2025-06-05 12:06:00,10100.4,10100.53,10097.42,10097.84,113
2025-06-05 12:07:00,10086.49,10094.15,10085.07,10087.94,170
2025-06-05 12:08:00,10084.61,10089.57,10076.29,10083.54,248
2025-06-05 12:09:00,10093.55,10100.58,10088.03,10094.35,152
2025-06-05 12:10:00,10085.35,10089.76,10082.28,10088.21,199
2025-06-05 12:11:00,10087.79,10096.95,10078.29,10092.88,177
2025-06-05 12:12:00,10080.65,10084.02,10072.42,10083.06,196
2025-06-05 12:13:00,10078.24,10079.09,10077.32,10078.85,279
2025-06-05 12:14:00,10070.74,10077.17,10061.02,10076.5,286
2025-06-05 12:15:00,10062.98,10063.55,10057.13,10058.68,171
2025-06-05 12:16:00,10061.79,10066.56,10060.61,10065.81,72
2025-06-05 12:17:00,10058.18,10066.87,10049.9,10060.23,88
2025-06-05 12:18:00,10047.11,10051.18,10044.67,10048.47,149
2025-06-05 12:19:00,10043.22,10045.63,10043.2,10044.05,67
2025-06-05 12:20:00,10045.15,10052.91,10040.02,10048.87,240
2025-06-05 12:21:00,10039.77,10044.33,10036.41,10044.18,224
2025-06-05 12:22:00,10046.44,10051.93,10038.38,10048.65,51
2025-06-05 12:23:00,10039.63,10041.66,10033.7,10040.85,98
2025-06-05 12:24:00,10035.05,10041.3,10033.58,10034.77,86
2025-06-05 12:25:00,10037.45,10047.4,10032.61,10043.74,247
2025-06-05 12:26:00,10038.98,10045.26,10035.4,10036.4,137
2025-06-05 12:27:00,10038.19,10042.49,10037.45,10041.24,297
2025-06-05 12:28:00,10040.5,10048.7,10031.11,10045.97,225
2025-06-05 12:29:00,10047.61,10054.05,10039.8,10040.71,161
2025-06-05 12:30:00,10051.95,10052.72,10047.31,10050.2,292
2025-06-05 12:31:00,10044.33,10045.68,10037.06,10045.08,64
2025-06-05 12:32:00,10042.27,10047.57,10040.57,10044.63,165
2025-06-05 12:33:00,10040.4,10042.54,10032.27,10038.39,83
2025-06-05 12:34:00,10029.46,10029.99,10020.77,10024.38,271
2025-06-05 12:35:00,10036.03,10040.26,10032.37,10037.39,192
2025-06-05 12:36:00,10041.51,10044.67,10033.01,10044.63,97
2025-06-05 12:37:00,10046.03,10054.74,10038.2,10052.2,95
2025-06-05 12:38:00,10046.35,10056.13,10041.21,10052.7,119
2025-06-05 12:39:00,10048.89,10052.54,10040.1,10052.26,282
2025-06-05 12:40:00,10041.47,10051.3,10040.68,10044.35,67
2025-06-05 12:41:00,10043.0,10046.89,10041.52,10045.65,232
2025-06-05 12:42:00,10042.21,10045.77,10037.96,10038.25,84
2025-06-05 12:43:00,10039.36,10048.65,10034.81,10048.0,272
2025-06-05 12:44:00,10046.74,10048.46,10038.41,10043.69,234
2025-06-05 12:45:00,10053.07,10058.15,10050.67,10054.77,112
2025-06-05 12:46:00,10045.09,10046.97,10035.74,10045.75,70
2025-06-05 12:47:00,10046.38,10055.47,10042.62,10047.9,274
2025-06-05 12:48:00,10047.34,10048.71,10042.99,10044.67,115
2025-06-05 12:49:00,10046.16,10055.0,10040.34,10041.42,286
2025-06-05 12:50:00,10045.9,10048.0,10043.75,10046.15,120
2025-06-05 12:51:00,10047.72,10054.48,10046.69,10047.03,248
2025-06-05 12:52:00,10043.19,10052.17,10038.85,10049.81,280
2025-06-05 12:53:00,10040.37,10041.08,10036.95,10039.95,197
2025-06-05 12:54:00,10040.91,10046.62,10033.29,10044.5,171
2025-06-05 12:55:00,10035.63,10038.71,10032.26,10032.59,270
2025-06-05 12:56:00,10029.01,10037.51,10020.2,10022.53,244
2025-06-05 12:57:00,10034.07,10043.68,10029.3,10038.85,269
2025-06-05 12:58:00,10030.01,10033.35,10022.63,10022.8,64
2025-06-05 12:59:00,10031.92,10041.5,10025.01,10033.8,124
2025-06-05 13:00:00,10031.71,10036.23,10031.58,10031.93,166
2025-06-05 13:01:00,10022.91,10030.23,10015.21,10018.66,108
2025-06-05 13:02:00,10025.27,10029.02,10023.26,10026.23,131
2025-06-05 13:03:00,10029.06,10032.45,10020.94,10023.9,294
2025-06-05 13:04:00,10027.6,10032.44,10025.33,10029.47,206
2025-06-05 13:05:00,10027.04,10035.32,10023.71,10031.97,241
2025-06-05 13:06:00,10021.95,10025.2,10021.86,10022.06,179
2025-06-05 13:07:00,10022.07,10026.68,10015.21,10016.2,275
2025-06-05 13:08:00,10017.7,10017.9,10007.71,10010.82,77
2025-06-05 13:09:00,10013.51,10017.23,10004.99,10013.19,200
2025-06-05 13:10:00,10018.38,10021.87,10011.94,10012.75,62
2025-06-05 13:11:00,10015.41,10024.73,10006.56,10019.99,230
2025-06-05 13:12:00,10011.61,10013.14,10002.76,10009.4,158
2025-06-05 13:13:00,10013.37,10015.08,10006.41,10013.08,81
2025-06-05 13:14:00,10005.92,10015.36,10005.21,10006.26,157
2025-06-05 13:15:00,10006.76,10014.59,10005.37,10012.62,174
2025-06-05 13:16:00,10007.9,10010.8,10006.46,10008.8,294
2025-06-05 13:17:00,10006.97,10011.75,10004.11,10006.2,97
2025-06-05 13:18:00,10004.96,10006.06,9995.7,10003.01,205
2025-06-05 13:19:00,9994.56,9997.89,9988.31,9995.73,202
2025-06-05 13:20:00,9986.32,9988.2,9985.07,9986.69,170
2025-06-05 13:21:00,9992.27,10001.85,9989.63,10000.61,73
2025-06-05 13:22:00,9987.68,9989.82,9984.91,9989.13,167
2025-06-05 13:23:00,9981.17,9987.64,9976.1,9980.84,66
2025-06-05 13:24:00,9978.25,9983.47,9970.25,9981.36,244
2025-06-05 13:25:00,9976.78,9984.53,9974.09,9981.27,206
2025-06-05 13:26:00,9967.1,9975.04,9957.86,9968.91,157
2025-06-05 13:27:00,9969.9,9970.25,9961.48,9962.22,216
2025-06-05 13:28:00,9975.98,9979.0,9966.57,9978.39,248
2025-06-05 13:29:00,9973.23,9978.14,9968.0,9972.71,224
2025-06-05 13:30:00,9975.32,9978.32,9972.57,9977.11,207
2025-06-05 13:31:00,9968.22,9972.13,9962.96,9966.96,182
2025-06-05 13:32:00,9972.03,9978.99,9970.78,9977.92,107
2025-06-05 13:33:00,9962.64,9972.34,9957.72,9959.34,297
2025-06-05 13:34:00,9965.27,9967.95,9955.72,9962.68,57
2025-06-05 13:35:00,9966.86,9969.25,9961.31,9968.79,177
2025-06-05 13:36:00,9967.17,9970.64,9966.07,9969.42,283
2025-06-05 13:37:00,9969.69,9974.08,9968.01,9969.0,147
2025-06-05 13:38:00,9967.07,9976.58,9965.2,9966.31,146
2025-06-05 13:39:00,9970.87,9979.96,9969.86,9978.17,238
2025-06-05 13:40:00,9964.91,9974.59,9961.5,9971.99,81
2025-06-05 13:41:00,9967.57,9967.79,9966.72,9966.76,280
2025-06-05 13:42:00,9970.59,9978.09,9961.25,9972.41,53
2025-06-05 13:43:00,9960.73,9967.46,9950.99,9951.69,105
2025-06-05 13:44:00,9965.76,9975.56,9964.08,9971.97,84
2025-06-05 13:45:00,9965.72,9971.42,9956.16,9971.18,273
2025-06-05 13:46:00,9961.7,9967.97,9958.56,9965.65,141
2025-06-05 13:47:00,9960.88,9961.7,9953.23,9956.72,61
2025-06-05 13:48:00,9965.79,9973.1,9960.36,9969.55,76
2025-06-05 13:49:00,9970.67,9970.8,9968.88,9969.3,202
2025-06-05 13:50:00,9965.92,9972.5,9960.61,9966.83,289
2025-06-05 13:51:00,9964.7,9974.46,9963.81,9974.06,253
2025-06-05 13:52:00,9965.57,9972.45,9960.29,9962.76,154
2025-06-05 13:53:00,9964.69,9965.28,9957.88,9963.12,105
2025-06-05 13:54:00,9967.47,9973.2,9962.99,9971.84,149
2025-06-05 13:55:00,9968.14,9972.1,9960.87,9970.86,147
2025-06-05 13:56:00,9971.88,9972.18,9967.95,9970.65,150
2025-06-05 13:57:00,9974.94,9983.93,9970.47,9981.43,167
2025-06-05 13:58:00,9975.27,9975.45,9972.0,9974.0,59
2025-06-05 13:59:00,9972.49,9973.89,9971.45,9972.68,56
2025-06-05 14:00:00,9976.4,9979.2,9973.77,9976.14,214
2025-06-05 14:01:00,9973.39,9973.84,9969.98,9972.73,210
2025-06-05 14:02:00,9975.81,9978.56,9972.34,9976.73,100
2025-06-05 14:03:00,9981.39,9991.12,9978.58,9986.32,221
2025-06-05 14:04:00,9982.57,9991.68,9979.39,9988.84,207
2025-06-05 14:05:00,9990.68,9992.98,9983.28,9991.1,140
2025-06-05 14:06:00,9991.58,10001.39,9986.15,9988.34,242
2025-06-05 14:07:00,9995.38,9998.58,9992.39,9994.87,203
2025-06-05 14:08:00,9989.53,9991.69,9984.84,9988.44,189
2025-06-05 14:09:00,9984.6,9984.65,9978.33,9983.12,228
2025-06-05 14:10:00,9979.68,9985.5,9978.64,9984.21,64
2025-06-05 14:11:00,9987.69,9989.67,9980.2,9984.16,291
2025-06-05 14:12:00,9992.0,10000.58,9985.39,9990.63,298
2025-06-05 14:13:00,9991.47,9993.33,9983.63,9985.0,266
2025-06-05 14:14:00,9987.14,9989.36,9981.59,9988.05,164
2025-06-05 14:15:00,9987.93,9995.16,9982.09,9993.7,245
2025-06-05 14:16:00,9976.89,9986.82,9974.21,9981.31,244
2025-06-05 14:17:00,9976.47,9977.05,9970.46,9974.18,72
2025-06-05 14:18:00,9962.03,9967.73,9960.41,9966.86,182
2025-06-05 14:19:00,9962.37,9967.45,9959.95,9966.63,196
2025-06-05 14:20:00,9962.85,9963.11,9958.46,9962.27,54
2025-06-05 14:21:00,9959.3,9966.49,9950.65,9951.88,177
2025-06-05 14:22:00,9956.68,9957.26,9950.3,9951.5,281
2025-06-05 14:23:00,9960.1,9966.14,9954.2,9959.83,261
2025-06-05 14:24:00,9950.89,9952.6,9947.16,9952.05,203
2025-06-05 14:25:00,9949.93,9954.61,9948.87,9954.6,73
2025-06-05 14:26:00,9960.37,9963.47,9958.44,9959.66,87
2025-06-05 14:27:00,9955.99,9958.55,9949.06,9956.47,138
2025-06-05 14:28:00,9949.72,9959.16,9941.0,9949.54,227
2025-06-05 14:29:00,9952.2,9958.11,9944.83,9957.32,188
2025-06-05 14:30:00,9954.4,9959.05,9950.56,9954.77,117
2025-06-05 14:31:00,9957.24,9963.53,9950.27,9959.7,258
2025-06-05 14:32:00,9955.37,9963.84,9948.88,9958.49,122
2025-06-05 14:33:00,9952.55,9956.55,9952.52,9955.73,209
2025-06-05 14:34:00,9962.64,9966.48,9961.94,9962.09,133
2025-06-05 14:35:00,9966.95,9969.22,9959.45,9960.54,242
2025-06-05 14:36:00,9960.2,9962.67,9960.09,9961.16,217
2025-06-05 14:37:00,9964.23,9966.44,9960.86,9963.85,233
2025-06-05 14:38:00,9970.07,9979.72,9965.94,9971.27,230
2025-06-05 14:39:00,9966.32,9970.08,9957.67,9965.36,211
2025-06-05 14:40:00,9963.46,9965.47,9959.47,9961.68,240
2025-06-05 14:41:00,9958.93,9966.56,9957.19,9965.59,267
2025-06-05 14:42:00,9954.96,9955.85,9950.14,9952.36,201
2025-06-05 14:43:00,9952.95,9955.32,9948.79,9950.88,222
2025-06-05 14:44:00,9951.24,9960.22,9946.47,9954.63,136
2025-06-05 14:45:00,9956.74,9961.39,9949.16,9958.49,82
2025-06-05 14:46:00,9960.26,9967.17,9950.58,9958.17,55
2025-06-05 14:47:00,9960.71,9968.49,9959.56,9963.29,284
2025-06-05 14:48:00,9948.77,9953.68,9942.14,9951.2,116
2025-06-05 14:49:00,9951.43,9954.83,9948.54,9949.9,298
2025-06-05 14:50:00,9954.55,9961.69,9950.74,9960.25,205
2025-06-05 14:51:00,9954.67,9961.05,9948.75,9949.83,150
2025-06-05 14:52:00,9954.25,9960.59,9950.23,9959.58,141
2025-06-05 14:53:00,9955.85,9958.01,9951.66,9952.79,81
2025-06-05 14:54:00,9955.03,9963.01,9951.42,9959.76,204
2025-06-05 14:55:00,9956.84,9966.26,9949.71,9957.33,249
2025-06-05 14:56:00,9955.65,9956.39,9954.54,9954.62,150
2025-06-05 14:57:00,9956.18,9964.15,9950.74,9961.18,279
2025-06-05 14:58:00,9959.53,9961.38,9958.69,9959.39,60
2025-06-05 14:59:00,9959.14,9964.18,9955.42,9962.73,225
2025-06-05 15:00:00,9962.38,9964.81,9959.54,9963.98,229
2025-06-05 15:01:00,9969.7,9976.64,9964.47,9975.0,131
2025-06-05 15:02:00,9958.51,9965.97,9956.85,9960.57,257
2025-06-05 15:03:00,9963.35,9969.04,9955.87,9958.56,117
2025-06-05 15:04:00,9971.87,9972.31,9963.96,9967.28,145
2025-06-05 15:05:00,9975.28,9976.08,9968.92,9973.22,260
2025-06-05 15:06:00,9970.37,9977.66,9969.54,9973.77,224
2025-06-05 15:07:00,9975.89,9975.91,9973.22,9975.37,56
2025-06-05 15:08:00,9972.83,9976.18,9970.24,9971.19,208
2025-06-05 15:09:00,9969.19,9972.02,9968.66,9969.73,262
2025-06-05 15:10:00,9963.86,9972.02,9963.1,9965.04,243
2025-06-05 15:11:00,9960.31,9960.85,9952.88,9953.47,239
2025-06-05 15:12:00,9963.35,9969.17,9957.83,9961.97,202
2025-06-05 15:13:00,9953.01,9960.88,9952.87,9956.05,113
2025-06-05 15:14:00,9954.66,9958.89,9953.22,9953.76,138
2025-06-05 15:15:00,9952.65,9955.53,9946.27,9946.87,262
2025-06-05 15:16:00,9946.45,9949.58,9936.52,9941.37,154
2025-06-05 15:17:00,9947.03,9949.48,9939.85,9943.73,161
2025-06-05 15:18:00,9945.18,9946.37,9944.31,9946.04,96
2025-06-05 15:19:00,9944.59,9945.21,9943.87,9944.81,83
2025-06-05 15:20:00,9944.18,9948.37,9934.29,9938.34,162
2025-06-05 15:21:00,9936.56,9942.11,9927.0,9929.57,138
2025-06-05 15:22:00,9935.16,9942.57,9928.48,9940.07,176
2025-06-05 15:23:00,9924.24,9929.4,9918.62,9929.03,183
2025-06-05 15:24:00,9927.69,9936.67,9923.97,9924.7,216
2025-06-05 15:25:00,9922.65,9927.36,9914.48,9924.78,54
2025-06-05 15:26:00,9925.19,9925.53,9918.72,9919.49,252
2025-06-05 15:27:00,9931.68,9933.41,9926.11,9931.28,253
2025-06-05 15:28:00,9932.12,9933.7,9930.88,9931.84,176
2025-06-05 15:29:00,9931.0,9932.25,9928.79,9930.38,270
2025-06-05 15:30:00,9931.7,9938.37,9922.05,9931.74,258
2025-06-05 15:31:00,9929.75,9936.31,9922.25,9931.23,187
2025-06-05 15:32:00,9930.64,9930.7,9927.43,9929.77,151
2025-06-05 15:33:00,9922.86,9926.83,9921.76,9922.85,132
2025-06-05 15:34:00,9923.23,9925.34,9919.65,9919.68,294
2025-06-05 15:35:00,9917.56,9920.65,9916.5,9919.11,233
2025-06-05 15:36:00,9919.98,9925.44,9910.91,9912.44,70
2025-06-05 15:37:00,9927.38,9929.3,9925.81,9927.27,297
2025-06-05 15:38:00,9928.71,9937.59,9922.84,9934.1,113
2025-06-05 15:39:00,9929.24,9932.94,9927.47,9929.88,172
2025-06-05 15:40:00,9922.81,9927.68,9916.61,9922.13,273
2025-06-05 15:41:00,9924.41,9926.54,9921.2,9923.41,274
2025-06-05 15:42:00,9923.79,9929.88,9923.61,9925.03,234
2025-06-05 15:43:00,9914.56,9922.34,9914.01,9914.43,55
2025-06-05 15:44:00,9919.79,9926.13,9913.84,9925.62,140
2025-06-05 15:45:00,9922.59,9930.64,9913.47,9916.62,292
2025-06-05 15:46:00,9927.93,9937.78,9920.08,9928.03,280
2025-06-05 15:47:00,9935.85,9939.55,9927.06,9929.33,150
2025-06-05 15:48:00,9927.83,9929.21,9919.59,9928.55,275
2025-06-05 15:49:00,9925.89,9928.93,9924.54,9928.31,146
2025-06-05 15:50:00,9926.54,9932.93,9924.44,9931.7,254
2025-06-05 15:51:00,9932.12,9940.85,9929.6,9936.02,195
2025-06-05 15:52:00,9934.72,9939.42,9932.46,9936.15,273
2025-06-05 15:53:00,9936.69,9942.14,9936.6,9937.06,96
2025-06-05 15:54:00,9938.1,9946.31,9935.02,9945.44,88
2025-06-05 15:55:00,9938.69,9943.94,9931.9,9933.69,119
2025-06-05 15:56:00,9950.09,9952.35,9947.29,9949.68,113
2025-06-05 15:57:00,9947.27,9954.4,9939.99,9946.2,173
2025-06-05 15:58:00,9938.44,9945.36,9937.31,9941.44,69
2025-06-05 15:59:00,9939.65,9947.79,9936.52,9947.27,223
2025-06-05 16:00:00,9942.21,9944.46,9940.8,9941.0,223
2025-06-05 16:01:00,9938.58,9942.81,9933.84,9938.78,201
2025-06-05 16:02:00,9949.12,9952.28,9942.76,9945.66,192
2025-06-05 16:03:00,9946.05,9949.33,9936.59,9948.27,216
2025-06-05 16:04:00,9946.84,9953.88,9943.98,9953.48,215
2025-06-05 16:05:00,9943.83,9951.03,9941.4,9947.65,109
2025-06-05 16:06:00,9948.01,9953.59,9944.5,9953.14,235
2025-06-05 16:07:00,9933.75,9936.17,9925.05,9933.68,264
2025-06-05 16:08:00,9928.44,9929.98,9921.6,9924.04,259
2025-06-05 16:09:00,9927.15,9930.85,9925.27,9927.09,264
2025-06-05 16:10:00,9933.97,9938.17,9928.91,9937.01,57
2025-06-05 16:11:00,9943.91,9944.34,9943.81,9943.84,132
2025-06-05 16:12:00,9938.89,9939.36,9934.88,9935.36,61
2025-06-05 16:13:00,9937.45,9941.51,9933.45,9936.62,124
2025-06-05 16:14:00,9921.4,9924.02,9913.78,9917.79,225
2025-06-05 16:15:00,9924.61,9929.6,9919.56,9928.73,133
2025-06-05 16:16:00,9923.92,9932.32,9918.51,9929.94,101
2025-06-05 16:17:00,9921.3,9922.19,9920.2,9920.82,252
2025-06-05 16:18:00,9913.12,9913.55,9904.97,9910.82,71
2025-06-05 16:19:00,9909.68,9916.86,9901.2,9901.78,135
2025-06-05 16:20:00,9911.51,9917.94,9909.64,9917.15,92
2025-06-05 16:21:00,9902.24,9908.92,9898.52,9906.87,57
2025-06-05 16:22:00,9896.95,9898.42,9896.06,9896.76,87
2025-06-05 16:23:00,9898.82,9904.31,9892.81,9898.19,274
2025-06-05 16:24:00,9894.4,9895.11,9891.35,9894.63,222
2025-06-05 16:25:00,9893.34,9899.89,9893.15,9896.01,130
2025-06-05 16:26:00,9888.5,9889.3,9885.0,9888.27,237
2025-06-05 16:27:00,9895.41,9898.8,9887.47,9890.11,257
2025-06-05 16:28:00,9892.69,9897.38,9883.83,9887.92,76
2025-06-05 16:29:00,9894.09,9902.55,9888.08,9889.51,294
2025-06-05 16:30:00,9891.9,9898.16,9884.34,9890.58,272
2025-06-05 16:31:00,9901.71,9908.97,9891.97,9904.8,145
2025-06-05 16:32:00,9903.02,9912.26,9901.84,9911.0,79
2025-06-05 16:33:00,9911.37,9917.0,9905.57,9909.39,97
2025-06-05 16:34:00,9916.22,9925.42,9912.59,9917.21,125
2025-06-05 16:35:00,9913.05,9919.48,9905.27,9918.51,79
2025-06-05 16:36:00,9916.41,9920.04,9908.21,9917.22,143
2025-06-05 16:37:00,9915.22,9916.18,9908.6,9915.99,83
2025-06-05 16:38:00,9916.63,9917.43,9915.27,9915.69,89
2025-06-05 16:39:00,9909.31,9916.19,9899.64,9915.97,252
2025-06-05 16:40:00,9908.8,9916.04,9900.82,9903.59,162
2025-06-05 16:41:00,9912.41,9922.14,9912.26,9920.54,138
2025-06-05 16:42:00,9904.29,9909.74,9903.67,9909.46,250
2025-06-05 16:43:00,9907.18,9910.26,9901.77,9903.14,229
2025-06-05 16:44:00,9910.03,9915.19,9907.46,9912.91,112
2025-06-05 16:45:00,9911.7,9911.96,9905.28,9909.19,109
2025-06-05 16:46:00,9906.9,9912.82,9906.58,9910.6,268
2025-06-05 16:47:00,9906.04,9913.55,9900.42,9905.95,149
2025-06-05 16:48:00,9912.39,9914.01,9907.85,9908.75,264
2025-06-05 16:49:00,9903.33,9910.54,9902.03,9903.53,138
2025-06-05 16:50:00,9905.98,9914.52,9903.97,9906.17,67
2025-06-05 16:51:00,9902.94,9909.32,9900.11,9900.27,95
2025-06-05 16:52:00,9906.85,9913.09,9904.9,9906.71,105
2025-06-05 16:53:00,9906.34,9915.94,9900.29,9900.38,286
2025-06-05 16:54:00,9912.59,9913.39,9903.46,9908.28,153
2025-06-05 16:55:00,9922.7,9922.99,9920.36,9920.43,134
2025-06-05 16:56:00,9925.37,9927.52,9920.71,9921.32,157
2025-06-05 16:57:00,9926.79,9928.68,9920.63,9925.81,197
2025-06-05 16:58:00,9921.72,9926.27,9918.34,9924.37,285
2025-06-05 16:59:00,9926.82,9931.02,9920.8,9930.97,281
2025-06-05 17:00:00,9922.99,9926.57,9914.88,9922.63,78
2025-06-05 17:01:00,9921.19,9925.24,9915.52,9923.61,212
2025-06-05 17:02:00,9920.49,9924.16,9918.08,9923.05,74
2025-06-05 17:03:00,9919.48,9926.9,9910.95,9916.33,166
2025-06-05 17:04:00,9926.3,9931.25,9924.96,9927.66,173
2025-06-05 17:05:00,9925.58,9928.36,9923.09,9925.54,263
2025-06-05 17:06:00,9925.78,9926.8,9925.64,9925.9,253
2025-06-05 17:07:00,9931.81,9938.94,9930.49,9934.11,126
2025-06-05 17:08:00,9926.01,9935.48,9919.53,9931.43,69
2025-06-05 17:09:00,9924.99,9928.72,9916.37,9918.86,154
2025-06-05 17:10:00,9918.24,9921.8,9914.67,9917.55,158
2025-06-05 17:11:00,9922.77,9928.57,9918.16,9922.62,202
2025-06-05 17:12:00,9927.32,9930.34,9918.6,9926.14,127
2025-06-05 17:13:00,9924.35,9926.75,9924.16,9924.25,223
2025-06-05 17:14:00,9923.7,9927.95,9918.02,9921.08,212
2025-06-05 17:15:00,9920.47,9927.25,9910.54,9926.57,125
2025-06-05 17:16:00,9913.05,9916.95,9903.4,9914.52,172
2025-06-05 17:17:00,9914.0,9914.6,9904.36,9914.27,185
2025-06-05 17:18:00,9909.4,9917.9,9902.17,9903.85,134
2025-06-05 17:19:00,9915.15,9917.3,9905.94,9908.81,293
2025-06-05 17:20:00,9912.83,9914.96,9908.08,9911.64,247
2025-06-05 17:21:00,9911.63,9916.85,9902.29,9905.54,91
2025-06-05 17:22:00,9907.92,9913.96,9903.31,9909.86,186
2025-06-05 17:23:00,9900.92,9903.5,9899.51,9903.37,228
2025-06-05 17:24:00,9895.0,9904.0,9892.97,9900.37,284
2025-06-05 17:25:00,9896.3,9900.84,9888.05,9889.12,175
2025-06-05 17:26:00,9903.61,9905.14,9901.8,9902.45,137
2025-06-05 17:27:00,9897.35,9904.09,9897.02,9900.43,72
2025-06-05 17:28:00,9900.33,9900.73,9897.35,9897.48,127
2025-06-05 17:29:00,9892.28,9893.7,9886.61,9889.3,201
2025-06-05 17:30:00,9894.56,9896.75,9893.56,9895.76,61
2025-06-05 17:31:00,9897.05,9899.26,9893.03,9894.85,137
2025-06-05 17:32:00,9885.68,9894.69,9884.39,9887.58,295
2025-06-05 17:33:00,9879.45,9886.28,9872.83,9874.52,101
2025-06-05 17:34:00,9874.12,9877.04,9867.48,9874.62,256
2025-06-05 17:35:00,9880.72,9882.79,9877.58,9878.35,193
2025-06-05 17:36:00,9877.02,9881.83,9873.65,9874.71,240
2025-06-05 17:37:00,9876.69,9882.19,9871.28,9877.39,191
2025-06-05 17:38:00,9878.16,9881.0,9871.83,9878.49,141
2025-06-05 17:39:00,9869.95,9871.58,9863.28,9867.21,253
2025-06-05 17:40:00,9867.02,9868.65,9865.41,9868.01,159
2025-06-05 17:41:00,9870.35,9870.92,9866.23,9868.06,248
2025-06-05 17:42:00,9881.23,9887.81,9874.73,9875.28,243
2025-06-05 17:43:00,9884.19,9886.65,9877.85,9879.41,276
2025-06-05 17:44:00,9874.32,9875.37,9866.23,9874.63,177
2025-06-05 17:45:00,9875.06,9879.55,9869.84,9874.09,108
2025-06-05 17:46:00,9876.87,9881.9,9875.77,9880.34,134
2025-06-05 17:47:00,9884.82,9894.44,9882.22,9893.84,83
2025-06-05 17:48:00,9883.78,9889.67,9882.13,9886.09,137
2025-06-05 17:49:00,9878.58,9880.09,9870.11,9874.38,54
2025-06-05 17:50:00,9885.92,9894.47,9885.32,9892.76,117
2025-06-05 17:51:00,9878.57,9878.92,9873.06,9878.76,234
2025-06-05 17:52:00,9873.5,9879.17,9863.94,9871.27,132
2025-06-05 17:53:00,9877.13,9886.82,9875.71,9883.12,278
2025-06-05 17:54:00,9871.52,9877.94,9863.44,9867.18,221
2025-06-05 17:55:00,9865.87,9871.48,9858.4,9867.07,108
2025-06-05 17:56:00,9867.29,9876.11,9861.4,9869.12,148
2025-06-05 17:57:00,9870.56,9879.72,9869.19,9875.75,183
2025-06-05 17:58:00,9873.25,9880.48,9870.79,9876.91,146
2025-06-05 17:59:00,9873.68,9881.1,9871.73,9878.87,173
2025-06-05 18:00:00,9866.98,9869.46,9865.15,9866.45,282
2025-06-05 18:01:00,9862.02,9863.71,9853.85,9855.73,148
2025-06-05 18:02:00,9867.81,9868.75,9861.68,9863.56,161
2025-06-05 18:03:00,9864.7,9866.7,9862.62,9866.09,100
2025-06-05 18:04:00,9861.14,9870.53,9851.46,9854.05,229
2025-06-05 18:05:00,9856.24,9866.03,9854.84,9855.49,287
2025-06-05 18:06:00,9867.43,9873.81,9859.05,9865.19,119
2025-06-05 18:07:00,9864.97,9869.79,9864.1,9865.14,206
2025-06-05 18:08:00,9863.36,9872.57,9862.6,9869.22,78
2025-06-05 18:09:00,9857.58,9859.78,9850.93,9855.33,123
2025-06-05 18:10:00,9857.37,9861.53,9853.91,9858.51,83
2025-06-05 18:11:00,9852.09,9860.84,9842.43,9846.48,135
2025-06-05 18:12:00,9851.83,9856.37,9843.7,9856.08,149
2025-06-05 18:13:00,9847.95,9857.25,9847.59,9852.77,213
2025-06-05 18:14:00,9848.98,9856.13,9842.99,9844.46,56
2025-06-05 18:15:00,9849.08,9850.91,9842.67,9847.89,80
2025-06-05 18:16:00,9848.07,9849.83,9846.01,9848.49,249
2025-06-05 18:17:00,9849.87,9852.46,9841.6,9848.74,69
2025-06-05 18:18:00,9848.71,9855.66,9841.16,9851.42,245
2025-06-05 18:19:00,9851.64,9855.44,9844.53,9849.32,259
2025-06-05 18:20:00,9848.43,9855.45,9841.4,9851.96,71
2025-06-05 18:21:00,9852.45,9860.11,9848.97,9855.12,80
2025-06-05 18:22:00,9857.24,9866.89,9850.65,9860.62,207
2025-06-05 18:23:00,9855.37,9855.55,9852.3,9854.27,255
2025-06-05 18:24:00,9847.21,9850.54,9837.71,9839.04,86
2025-06-05 18:25:00,9842.63,9850.23,9834.8,9836.15,153
2025-06-05 18:26:00,9834.15,9834.33,9827.21,9834.24,278
2025-06-05 18:27:00,9831.87,9837.12,9827.48,9834.19,243
2025-06-05 18:28:00,9843.97,9848.78,9840.78,9845.77,211
2025-06-05 18:29:00,9846.88,9847.47,9838.83,9840.88,241
2025-06-05 18:30:00,9842.48,9848.16,9834.21,9844.56,258
2025-06-05 18:31:00,9841.21,9850.6,9831.52,9834.36,81
2025-06-05 18:32:00,9838.15,9842.51,9828.9,9830.45,288
2025-06-05 18:33:00,9835.55,9838.99,9826.22,9838.33,115
2025-06-05 18:34:00,9832.89,9837.09,9829.33,9834.49,273
2025-06-05 18:35:00,9845.33,9849.21,9845.02,9847.99,111
2025-06-05 18:36:00,9851.69,9852.89,9843.63,9843.93,225
2025-06-05 18:37:00,9854.47,9855.14,9851.12,9853.79,264
2025-06-05 18:38:00,9850.68,9855.51,9843.61,9855.38,236
2025-06-05 18:39:00,9851.49,9858.06,9847.63,9853.73,272
2025-06-05 18:40:00,9852.77,9861.3,9846.16,9855.62,107
2025-06-05 18:41:00,9849.55,9854.14,9840.27,9849.27,152
2025-06-05 18:42:00,9857.07,9862.63,9855.54,9858.01,235
2025-06-05 18:43:00,9850.09,9856.85,9847.76,9854.45,144
2025-06-05 18:44:00,9849.0,9853.59,9844.34,9851.12,138
2025-06-05 18:45:00,9844.89,9850.02,9839.71,9849.08,164
2025-06-05 18:46:00,9843.83,9852.74,9839.83,9847.46,208
2025-06-05 18:47:00,9843.71,9849.7,9842.61,9842.66,281
2025-06-05 18:48:00,9833.01,9842.94,9829.11,9829.83,176
2025-06-05 18:49:00,9837.18,9841.15,9830.48,9836.77,121
2025-06-05 18:50:00,9838.1,9846.2,9836.35,9838.99,91
2025-06-05 18:51:00,9832.75,9840.21,9827.49,9837.45,140
2025-06-05 18:52:00,9833.69,9841.0,9828.39,9829.66,141
2025-06-05 18:53:00,9837.68,9844.31,9835.86,9841.43,86
2025-06-05 18:54:00,9842.6,9844.55,9839.95,9839.97,166
2025-06-05 18:55:00,9844.4,9851.81,9834.72,9840.57,298
2025-06-05 18:56:00,9850.51,9855.11,9850.29,9851.36,253
2025-06-05 18:57:00,9857.09,9858.15,9855.81,9856.96,249
2025-06-05 18:58:00,9853.75,9858.26,9851.03,9852.87,124
2025-06-05 18:59:00,9853.32,9860.52,9846.02,9856.53,290
2025-06-05 19:00:00,9856.85,9859.59,9847.06,9857.94,192
2025-06-05 19:01:00,9860.79,9863.14,9857.95,9861.2,64
2025-06-05 19:02:00,9850.08,9850.71,9844.69,9850.69,219
2025-06-05 19:03:00,9855.15,9859.86,9848.91,9854.39,236
2025-06-05 19:04:00,9857.55,9862.36,9857.2,9859.27,91
2025-06-05 19:05:00,9856.91,9866.81,9852.87,9858.36,217
2025-06-05 19:06:00,9856.26,9859.56,9851.96,9858.9,241
2025-06-05 19:07:00,9861.62,9864.54,9855.42,9859.81,96
2025-06-05 19:08:00,9863.79,9869.26,9856.18,9868.83,133
2025-06-05 19:09:00,9856.96,9863.7,9847.71,9857.27,195
2025-06-05 19:10:00,9854.2,9862.32,9854.17,9860.81,67
2025-06-05 19:11:00,9856.42,9858.36,9855.62,9857.0,168
2025-06-05 19:12:00,9851.29,9854.44,9847.9,9850.7,51
2025-06-05 19:13:00,9853.21,9862.09,9848.07,9861.03,92
2025-06-05 19:14:00,9863.35,9870.14,9860.52,9863.5,193
2025-06-05 19:15:00,9865.91,9875.31,9860.81,9875.18,296
2025-06-05 19:16:00,9866.87,9868.99,9857.17,9863.82,255
2025-06-05 19:17:00,9875.9,9885.82,9867.38,9879.48,117
2025-06-05 19:18:00,9877.91,9881.7,9877.03,9877.05,122
2025-06-05 19:19:00,9880.08,9882.65,9874.58,9879.55,173
2025-06-05 19:20:00,9874.86,9876.0,9871.13,9872.62,193
2025-06-05 19:21:00,9882.02,9888.44,9880.76,9881.57,160
2025-06-05 19:22:00,9878.72,9884.94,9871.79,9879.75,67
2025-06-05 19:23:00,9880.74,9884.46,9878.57,9884.15,130
2025-06-05 19:24:00,9873.26,9875.26,9870.35,9875.12,238
2025-06-05 19:25:00,9868.78,9878.71,9864.31,9875.51,204
2025-06-05 19:26:00,9864.61,9873.48,9864.29,9868.03,60
2025-06-05 19:27:00,9866.88,9875.85,9866.36,9870.19,92
2025-06-05 19:28:00,9869.41,9874.47,9862.93,9870.07,281
2025-06-05 19:29:00,9865.07,9869.29,9860.49,9864.86,118
2025-06-05 19:30:00,9869.97,9870.77,9869.33,9869.82,84
2025-06-05 19:31:00,9863.86,9864.24,9855.52,9862.61,102
2025-06-05 19:32:00,9865.96,9875.43,9863.02,9875.43,151
2025-06-05 19:33:00,9871.4,9879.83,9870.57,9877.22,126
2025-06-05 19:34:00,9877.23,9879.66,9872.75,9877.41,232
2025-06-05 19:35:00,9880.47,9887.92,9875.29,9884.49,221
2025-06-05 19:36:00,9886.06,9889.9,9876.87,9885.61,143
2025-06-05 19:37:00,9879.2,9885.81,9878.4,9881.54,291
2025-06-05 19:38:00,9873.71,9881.64,9868.45,9870.8,198
2025-06-05 19:39:00,9875.2,9880.99,9871.91,9874.97,248
2025-06-05 19:40:00,9868.62,9871.83,9863.36,9868.85,289
2025-06-05 19:41:00,9871.43,9879.64,9862.35,9877.47,137
2025-06-05 19:42:00,9868.76,9872.99,9860.2,9871.92,75
2025-06-05 19:43:00,9874.42,9882.81,9868.77,9881.58,170
2025-06-05 19:44:00,9877.53,9878.87,9874.89,9878.4,256
2025-06-05 19:45:00,9873.14,9874.42,9864.22,9872.73,143
2025-06-05 19:46:00,9868.77,9875.35,9862.65,9864.12,147
2025-06-05 19:47:00,9866.67,9867.35,9865.67,9865.87,159
2025-06-05 19:48:00,9869.7,9876.91,9861.17,9866.2,99
2025-06-05 19:49:00,9868.83,9872.58,9861.06,9865.41,74
2025-06-05 19:50:00,9866.86,9869.15,9862.45,9866.45,157
2025-06-05 19:51:00,9869.66,9872.14,9863.86,9869.64,155
2025-06-05 19:52:00,9866.28,9874.5,9859.95,9863.56,245
2025-06-05 19:53:00,9867.35,9868.71,9860.16,9866.96,99
2025-06-05 19:54:00,9877.94,9886.92,9868.62,9882.94,155
2025-06-05 19:55:00,9878.76,9887.63,9876.79,9883.64,200
2025-06-05 19:56:00,9889.5,9897.51,9887.76,9892.48,190
2025-06-05 19:57:00,9892.42,9893.19,9883.67,9886.62,268
2025-06-05 19:58:00,9892.5,9898.36,9888.71,9891.47,123
2025-06-05 19:59:00,9889.92,9890.34,9886.72,9887.05,181
2025-06-05 20:00:00,9893.06,9896.36,9886.61,9887.17,245
2025-06-05 20:01:00,9886.55,9891.9,9882.06,9890.7,283
2025-06-05 20:02:00,9889.09,9893.49,9888.12,9889.8,100
2025-06-05 20:03:00,9883.46,9889.58,9878.96,9887.87,199
2025-06-05 20:04:00,9887.59,9891.61,9879.69,9888.83,202
2025-06-05 20:05:00,9890.13,9892.77,9888.08,9890.41,117
2025-06-05 20:06:00,9892.82,9897.19,9888.27,9897.04,111
2025-06-05 20:07:00,9882.08,9886.86,9880.3,9886.14,96
2025-06-05 20:08:00,9883.72,9888.48,9877.98,9887.09,135
2025-06-05 20:09:00,9890.47,9891.04,9880.51,9887.39,103
2025-06-05 20:10:00,9878.6,9879.42,9875.08,9876.85,137
2025-06-05 20:11:00,9878.55,9885.17,9877.53,9881.35,174
2025-06-05 20:12:00,9873.53,9878.78,9868.88,9870.48,259
2025-06-05 20:13:00,9874.41,9877.29,9871.15,9877.0,98
2025-06-05 20:14:00,9878.41,9884.36,9873.17,9874.04,103
2025-06-05 20:15:00,9873.11,9876.08,9867.24,9874.09,177
2025-06-05 20:16:00,9882.03,9887.49,9881.18,9883.61,147
2025-06-05 20:17:00,9877.68,9887.27,9875.86,9886.83,221
2025-06-05 20:18:00,9875.63,9878.82,9874.7,9878.65,117
2025-06-05 20:19:00,9880.29,9882.52,9876.24,9881.71,241
2025-06-05 20:20:00,9884.12,9884.8,9876.96,9880.87,178
2025-06-05 20:21:00,9885.86,9887.01,9876.73,9878.61,174
2025-06-05 20:22:00,9884.36,9887.75,9882.36,9887.37,181
2025-06-05 20:23:00,9881.29,9890.15,9877.96,9885.54,91
2025-06-05 20:24:00,9876.9,9882.91,9873.33,9882.2,177
2025-06-05 20:25:00,9871.47,9872.9,9869.25,9871.13,281
2025-06-05 20:26:00,9859.57,9864.04,9853.57,9857.99,97
2025-06-05 20:27:00,9857.7,9859.34,9856.68,9857.37,182
2025-06-05 20:28:00,9860.36,9868.33,9860.04,9864.42,284
2025-06-05 20:29:00,9862.87,9869.0,9859.87,9867.5,143
2025-06-05 20:30:00,9864.51,9864.92,9862.58,9863.91,90
2025-06-05 20:31:00,9873.85,9882.33,9864.29,9872.98,190
2025-06-05 20:32:00,9876.67,9884.54,9874.07,9881.75,255
2025-06-05 20:33:00,9882.58,9891.4,9881.22,9883.16,161
2025-06-05 20:34:00,9880.41,9887.08,9871.88,9873.99,138
2025-06-05 20:35:00,9884.94,9886.5,9884.34,9885.73,286
2025-06-05 20:36:00,9890.78,9898.19,9888.26,9898.06,236
2025-06-05 20:37:00,9891.54,9896.44,9889.57,9890.35,196
2025-06-05 20:38:00,9893.21,9894.98,9891.09,9894.43,291
2025-06-05 20:39:00,9888.24,9895.15,9883.19,9894.83,237
2025-06-05 20:40:00,9883.7,9891.12,9883.39,9888.01,89
2025-06-05 20:41:00,9881.77,9890.76,9880.31,9885.23,247
2025-06-05 20:42:00,9884.78,9885.32,9883.13,9883.13,217
2025-06-05 20:43:00,9885.17,9891.08,9879.32,9887.27,62
2025-06-05 20:44:00,9888.43,9895.04,9879.98,9886.31,204
2025-06-05 20:45:00,9892.61,9898.03,9889.02,9890.68,293
2025-06-05 20:46:00,9898.01,9907.48,9892.22,9896.44,132
2025-06-05 20:47:00,9898.23,9902.69,9892.98,9901.7,271
2025-06-05 20:48:00,9904.0,9905.76,9896.86,9902.79,251
2025-06-05 20:49:00,9902.73,9908.82,9894.99,9898.83,265
2025-06-05 20:50:00,9900.92,9907.32,9896.98,9900.39,214
2025-06-05 20:51:00,9899.76,9909.15,9895.81,9903.63,120
2025-06-05 20:52:00,9904.72,9905.79,9898.33,9900.84,93
2025-06-05 20:53:00,9899.23,9902.57,9895.38,9898.07,86
2025-06-05 20:54:00,9899.14,9899.36,9897.99,9898.2,232
2025-06-05 20:55:00,9898.85,9907.53,9894.2,9906.04,104
2025-06-05 20:56:00,9895.77,9905.23,9894.53,9897.23,163
2025-06-05 20:57:00,9889.79,9891.97,9886.46,9886.67,85
2025-06-05 20:58:00,9886.09,9889.28,9883.6,9888.61,112
2025-06-05 20:59:00,9879.43,9885.54,9871.3,9879.09,190
2025-06-05 21:00:00,9876.81,9883.54,9867.8,9872.84,76
2025-06-05 21:01:00,9880.97,9885.65,9872.31,9873.53,265
2025-06-05 21:02:00,9883.05,9884.83,9882.29,9883.79,91
2025-06-05 21:03:00,9883.29,9887.23,9874.28,9880.43,194
2025-06-05 21:04:00,9883.91,9891.9,9874.51,9879.79,81
2025-06-05 21:05:00,9867.03,9872.7,9860.36,9861.27,182
2025-06-05 21:06:00,9872.09,9881.89,9871.55,9877.39,225
2025-06-05 21:07:00,9872.83,9876.77,9868.03,9875.86,157
2025-06-05 21:08:00,9866.06,9873.03,9860.13,9863.72,158
2025-06-05 21:09:00,9867.54,9876.71,9862.86,9871.22,57
2025-06-05 21:10:00,9870.51,9872.68,9862.6,9865.24,137
2025-06-05 21:11:00,9875.08,9884.76,9872.69,9873.92,240
2025-06-05 21:12:00,9874.75,9880.15,9867.82,9870.75,212
2025-06-05 21:13:00,9875.24,9884.29,9873.98,9880.01,248
2025-06-05 21:14:00,9879.57,9883.52,9878.5,9879.88,255
2025-06-05 21:15:00,9879.76,9880.32,9872.96,9876.31,280
2025-06-05 21:16:00,9883.65,9884.84,9875.84,9881.93,291
2025-06-05 21:17:00,9884.4,9892.87,9881.67,9890.2,98
2025-06-05 21:18:00,9884.66,9891.75,9881.22,9886.97,86
2025-06-05 21:19:00,9887.61,9889.53,9887.12,9889.23,229
2025-06-05 21:20:00,9892.23,9896.02,9886.11,9888.48,66
2025-06-05 21:21:00,9892.37,9899.32,9885.42,9897.16,137
2025-06-05 21:22:00,9894.49,9902.2,9885.36,9899.89,158
2025-06-05 21:23:00,9892.34,9899.27,9890.64,9895.12,196
2025-06-05 21:24:00,9884.31,9884.35,9877.69,9881.89,126
2025-06-05 21:25:00,9886.07,9887.43,9883.31,9884.83,100
2025-06-05 21:26:00,9885.01,9889.09,9883.17,9888.84,242
2025-06-05 21:27:00,9888.42,9896.03,9881.63,9885.5,282
2025-06-05 21:28:00,9885.33,9887.01,9878.96,9880.16,77
2025-06-05 21:29:00,9886.67,9887.71,9885.13,9885.73,66
2025-06-05 21:30:00,9893.48,9902.02,9885.57,9886.6,104
2025-06-05 21:31:00,9889.54,9896.2,9880.09,9894.86,145
2025-06-05 21:32:00,9891.7,9897.02,9881.83,9894.39,163
2025-06-05 21:33:00,9888.27,9897.47,9879.45,9887.08,122
2025-06-05 21:34:00,9887.43,9888.82,9886.12,9886.24,181
2025-06-05 21:35:00,9894.82,9899.76,9890.99,9894.37,216
2025-06-05 21:36:00,9903.66,9912.82,9894.74,9902.78,274
2025-06-05 21:37:00,9904.92,9906.52,9896.53,9899.32,287
2025-06-05 21:38:00,9906.39,9913.59,9897.18,9913.56,165
2025-06-05 21:39:00,9910.98,9918.74,9905.77,9917.77,88
2025-06-05 21:40:00,9911.38,9917.41,9907.61,9916.88,155
2025-06-05 21:41:00,9914.37,9917.55,9907.13,9908.7,53
2025-06-05 21:42:00,9920.28,9930.2,9917.3,9919.31,272
2025-06-05 21:43:00,9926.4,9931.37,9924.29,9927.06,163
2025-06-05 21:44:00,9932.63,9935.21,9927.26,9932.07,249
2025-06-05 21:45:00,9933.72,9942.35,9925.95,9930.72,225
2025-06-05 21:46:00,9934.69,9942.64,9924.89,9938.99,70
2025-06-05 21:47:00,9938.76,9942.71,9938.23,9938.84,244
2025-06-05 21:48:00,9940.87,9949.09,9932.43,9945.79,150
2025-06-05 21:49:00,9942.11,9948.91,9933.5,9943.53,210
2025-06-05 21:50:00,9941.14,9941.51,9937.57,9940.45,132
2025-06-05 21:51:00,9939.59,9945.28,9938.77,9943.65,239
2025-06-05 21:52:00,9932.88,9941.25,9927.67,9939.18,218
2025-06-05 21:53:00,9937.77,9947.34,9937.04,9942.2,256
2025-06-05 21:54:00,9934.91,9940.68,9933.77,9937.17,235
2025-06-05 21:55:00,9924.16,9929.84,9921.56,9923.03,161
2025-06-05 21:56:00,9920.26,9921.91,9920.12,9921.34,56
2025-06-05 21:57:00,9914.8,9918.71,9912.66,9916.89,69
2025-06-05 21:58:00,9914.43,9920.15,9906.07,9909.68,106
2025-06-05 21:59:00,9917.71,9921.07,9915.85,9916.19,273
2025-06-05 22:00:00,9914.67,9923.22,9913.4,9917.18,96
2025-06-05 22:01:00,9919.73,9921.83,9919.49,9919.53,242
2025-06-05 22:02:00,9926.87,9929.19,9920.01,9922.66,197
2025-06-05 22:03:00,9930.25,9937.78,9922.07,9928.61,54
2025-06-05 22:04:00,9933.19,9942.8,9928.95,9929.94,179
2025-06-05 22:05:00,9929.62,9931.63,9928.99,9929.4,156
2025-06-05 22:06:00,9933.91,9938.24,9930.11,9937.83,146
2025-06-05 22:07:00,9931.02,9933.22,9928.12,9933.06,261
2025-06-05 22:08:00,9932.95,9938.62,9931.11,9937.14,247
2025-06-05 22:09:00,9934.36,9941.16,9934.29,9935.94,127
2025-06-05 22:10:00,9934.98,9936.26,9931.06,9936.01,288
2025-06-05 22:11:00,9930.54,9931.55,9921.94,9929.49,192
2025-06-05 22:12:00,9930.66,9934.83,9926.1,9933.08,105
2025-06-05 22:13:00,9933.21,9936.55,9926.75,9935.27,226
2025-06-05 22:14:00,9933.09,9940.79,9925.46,9938.6,196
2025-06-05 22:15:00,9923.54,9924.52,9914.66,9919.29,274
2025-06-05 22:16:00,9925.92,9935.63,9925.75,9934.04,190
2025-06-05 22:17:00,9921.34,9925.14,9916.8,9918.56,69
2025-06-05 22:18:00,9912.34,9918.33,9906.15,9914.34,276
2025-06-05 22:19:00,9910.71,9918.17,9902.67,9912.48,248
2025-06-05 22:20:00,9901.02,9901.09,9896.8,9898.71,269
2025-06-05 22:21:00,9900.69,9900.87,9900.61,9900.62,109
2025-06-05 22:22:00,9905.29,9912.0,9901.87,9904.7,197
2025-06-05 22:23:00,9903.04,9903.78,9894.86,9899.04,186
2025-06-05 22:24:00,9900.92,9907.82,9893.87,9906.62,133
2025-06-05 22:25:00,9904.44,9908.07,9895.13,9901.69,199
2025-06-05 22:26:00,9909.14,9914.45,9905.23,9909.75,247
2025-06-05 22:27:00,9906.21,9907.01,9897.88,9898.35,197
2025-06-05 22:28:00,9908.64,9916.79,9906.83,9916.71,97
2025-06-05 22:29:00,9907.09,9912.26,9900.07,9910.24,298
2025-06-05 22:30:00,9903.3,9908.88,9898.24,9905.77,277
2025-06-05 22:31:00,9891.26,9895.74,9889.38,9895.69,160
2025-06-05 22:32:00,9881.95,9891.74,9881.42,9887.11,154
2025-06-05 22:33:00,9883.35,9885.7,9874.83,9875.74,103
2025-06-05 22:34:00,9885.45,9888.31,9876.22,9887.68,200
2025-06-05 22:35:00,9892.8,9893.99,9883.01,9887.64,173
2025-06-05 22:36:00,9900.98,9907.05,9894.18,9896.42,158
2025-06-05 22:37:00,9894.12,9897.54,9887.77,9890.66,254
2025-06-05 22:38:00,9888.94,9898.36,9883.93,9898.17,83
2025-06-05 22:39:00,9887.43,9891.64,9878.32,9889.64,142
2025-06-05 22:40:00,9891.31,9893.46,9887.67,9888.85,142
2025-06-05 22:41:00,9892.31,9896.35,9884.18,9895.34,191
2025-06-05 22:42:00,9893.24,9902.74,9892.12,9902.43,190
2025-06-05 22:43:00,9882.68,9890.24,9879.6,9884.97,106
2025-06-05 22:44:00,9882.21,9885.21,9877.39,9879.69,154
2025-06-05 22:45:00,9888.63,9890.95,9884.6,9889.68,62
2025-06-05 22:46:00,9888.7,9896.09,9880.59,9890.63,245
2025-06-05 22:47:00,9891.13,9900.77,9881.45,9893.72,108
2025-06-05 22:48:00,9896.56,9900.44,9887.36,9900.32,141
2025-06-05 22:49:00,9893.83,9899.74,9890.7,9899.63,240
2025-06-05 22:50:00,9888.5,9896.32,9881.22,9888.59,103
2025-06-05 22:51:00,9885.11,9887.44,9884.48,9884.99,283
2025-06-05 22:52:00,9890.6,9893.17,9881.82,9881.83,238
2025-06-05 22:53:00,9891.53,9899.29,9891.42,9894.87,200
2025-06-05 22:54:00,9890.52,9890.74,9882.14,9889.9,139
2025-06-05 22:55:00,9888.39,9898.17,9884.91,9891.3,102
2025-06-05 22:56:00,9890.0,9891.62,9885.65,9886.36,148
2025-06-05 22:57:00,9888.62,9889.26,9879.54,9881.33,169
2025-06-05 22:58:00,9890.67,9895.51,9883.01,9885.25,153
2025-06-05 22:59:00,9892.94,9896.19,9888.32,9892.01,66
2025-06-05 23:00:00,9895.41,9897.34,9887.77,9894.61,240
2025-06-05 23:01:00,9893.56,9902.2,9884.46,9893.0,93
2025-06-05 23:02:00,9890.41,9893.12,9880.74,9885.84,296
2025-06-05 23:03:00,9897.49,9902.45,9896.73,9902.31,98
2025-06-05 23:04:00,9900.28,9902.92,9894.09,9897.53,103
2025-06-05 23:05:00,9896.63,9897.14,9894.59,9895.55,273
2025-06-05 23:06:00,9896.74,9902.85,9894.44,9895.15,65
2025-06-05 23:07:00,9907.3,9915.98,9905.54,9915.53,132
2025-06-05 23:08:00,9911.55,9918.38,9904.8,9916.38,287
2025-06-05 23:09:00,9907.48,9909.71,9899.46,9902.94,199
2025-06-05 23:10:00,9911.7,9921.4,9902.22,9910.38,265
2025-06-05 23:11:00,9907.63,9909.82,9901.71,9903.98,295
2025-06-05 23:12:00,9908.14,9912.0,9908.0,9910.24,158
2025-06-05 23:13:00,9913.59,9917.88,9909.62,9916.05,81
2025-06-05 23:14:00,9908.38,9916.51,9903.38,9909.32,289
2025-06-05 23:15:00,9902.86,9908.42,9894.95,9904.74,88
2025-06-05 23:16:00,9899.65,9901.58,9896.23,9898.2,122
2025-06-05 23:17:00,9892.15,9897.31,9890.91,9891.9,240
2025-06-05 23:18:00,9898.08,9899.97,9896.9,9898.53,161
2025-06-05 23:19:00,9893.58,9895.22,9891.4,9894.67,272
2025-06-05 23:20:00,9896.75,9899.77,9894.67,9898.84,282
2025-06-05 23:21:00,9889.4,9892.46,9887.81,9890.8,199
2025-06-05 23:22:00,9883.91,9884.23,9880.26,9882.3,113
2025-06-05 23:23:00,9891.1,9898.35,9884.92,9894.75,242
2025-06-05 23:24:00,9890.76,9894.78,9883.2,9889.03,281
2025-06-05 23:25:00,9887.32,9890.97,9880.58,9885.67,218
2025-06-05 23:26:00,9886.79,9894.08,9884.02,9893.31,59
2025-06-05 23:27:00,9886.83,9894.11,9878.45,9887.98,161
2025-06-05 23:28:00,9892.92,9902.09,9892.41,9899.12,180
2025-06-05 23:29:00,9904.03,9910.2,9895.12,9896.8,244
2025-06-05 23:30:00,9901.82,9909.18,9894.84,9900.85,244
2025-06-05 23:31:00,9902.59,9909.35,9895.6,9896.69,112
2025-06-05 23:32:00,9901.42,9905.68,9901.37,9903.96,244
2025-06-05 23:33:00,9895.55,9898.04,9886.94,9893.15,227
2025-06-05 23:34:00,9890.85,9900.27,9885.15,9889.58,183
2025-06-05 23:35:00,9891.0,9891.6,9888.62,9888.73,104
2025-06-05 23:36:00,9893.79,9896.65,9891.33,9894.99,67
2025-06-05 23:37:00,9902.69,9911.49,9895.86,9905.13,150
2025-06-05 23:38:00,9901.2,9909.18,9895.48,9903.97,170
2025-06-05 23:39:00,9894.38,9897.96,9890.93,9897.19,125
2025-06-05 23:40:00,9897.06,9904.01,9894.47,9903.17,51
2025-06-05 23:41:00,9895.6,9898.28,9887.68,9891.9,156
2025-06-05 23:42:00,9897.05,9903.99,9894.49,9901.28,107
2025-06-05 23:43:00,9909.13,9915.36,9907.59,9907.62,135
2025-06-05 23:44:00,9905.76,9906.32,9902.63,9904.99,157
2025-06-05 23:45:00,9905.41,9912.24,9900.2,9910.29,255
2025-06-05 23:46:00,9908.02,9915.37,9901.95,9908.6,243
2025-06-05 23:47:00,9908.74,9915.85,9908.73,9915.52,128
2025-06-05 23:48:00,9906.07,9909.02,9898.82,9902.79,146
2025-06-05 23:49:00,9899.88,9908.8,9893.43,9903.65,228
2025-06-05 23:50:00,9901.43,9901.44,9898.11,9898.27,251
2025-06-05 23:51:00,9907.82,9909.46,9907.45,9907.7,92
2025-06-05 23:52:00,9910.02,9918.68,9901.44,9909.14,57
2025-06-05 23:53:00,9911.85,9918.46,9908.12,9913.4,111
2025-06-05 23:54:00,9901.9,9910.12,9893.01,9896.5,91
2025-06-05 23:55:00,9893.94,9896.92,9887.58,9889.28,218
2025-06-05 23:56:00,9893.04,9898.84,9886.83,9889.92,259
2025-06-05 23:57:00,9899.34,9900.61,9893.36,9894.64,256
2025-06-05 23:58:00,9900.98,9907.46,9896.12,9899.71,262
2025-06-05 23:59:00,9903.22,9912.24,9900.01,9909.41,212
2025-06-06 00:00:00,9900.97,9910.23,9894.33,9902.42,261
2025-06-06 00:01:00,9896.95,9900.34,9895.92,9898.22,296
2025-06-06 00:02:00,9894.13,9900.94,9886.79,9897.58,160
2025-06-06 00:03:00,9904.33,9906.58,9898.4,9906.55,70
2025-06-06 00:04:00,9898.28,9903.59,9889.29,9900.18,157
2025-06-06 00:05:00,9899.71,9903.52,9889.9,9892.3,262
2025-06-06 00:06:00,9908.17,9917.77,9900.14,9901.71,139
2025-06-06 00:07:00,9913.6,9920.44,9904.36,9916.05,126
2025-06-06 00:08:00,9916.19,9924.56,9910.1,9910.88,68
2025-06-06 00:09:00,9918.75,9926.38,9911.54,9917.36,265
2025-06-06 00:10:00,9906.78,9909.34,9900.07,9901.2,261
2025-06-06 00:11:00,9904.09,9907.45,9900.72,9907.4,241
2025-06-06 00:12:00,9901.35,9901.71,9892.54,9892.91,239
2025-06-06 00:13:00,9902.06,9902.89,9901.11,9902.24,128
2025-06-06 00:14:00,9899.5,9900.05,9893.5,9895.65,156
2025-06-06 00:15:00,9899.56,9904.91,9898.77,9903.85,287
2025-06-06 00:16:00,9894.83,9904.57,9891.97,9898.28,84
2025-06-06 00:17:00,9899.74,9903.19,9895.9,9899.61,77
2025-06-06 00:18:00,9901.73,9904.82,9894.02,9898.58,247
2025-06-06 00:19:00,9910.81,9913.51,9908.85,9913.07,230
2025-06-06 00:20:00,9914.57,9924.42,9910.93,9922.12,73
2025-06-06 00:21:00,9919.32,9926.71,9917.68,9924.85,153
2025-06-06 00:22:00,9921.55,9926.31,9918.22,9926.03,133
2025-06-06 00:23:00,9914.35,9921.07,9907.94,9917.16,263
2025-06-06 00:24:00,9911.67,9913.19,9910.83,9911.55,203
2025-06-06 00:25:00,9908.86,9914.27,9901.57,9910.26,211
2025-06-06 00:26:00,9899.61,9905.1,9895.74,9903.54,292
2025-06-06 00:27:00,9895.89,9905.83,9887.61,9892.3,154
2025-06-06 00:28:00,9892.77,9898.45,9891.59,9897.02,129
2025-06-06 00:29:00,9890.48,9896.47,9884.53,9888.98,108
2025-06-06 00:30:00,9887.85,9889.75,9886.71,9888.29,275
2025-06-06 00:31:00,9890.3,9896.99,9884.14,9894.14,116
2025-06-06 00:32:00,9893.16,9894.76,9885.14,9892.48,210
2025-06-06 00:33:00,9895.24,9899.15,9893.07,9896.03,102
2025-06-06 00:34:00,9888.76,9893.01,9881.47,9888.15,68
2025-06-06 00:35:00,9882.28,9885.31,9881.23,9881.37,283
2025-06-06 00:36:00,9881.54,9885.57,9879.57,9882.79,193
2025-06-06 00:37:00,9879.05,9887.36,9874.84,9877.57,101
2025-06-06 00:38:00,9888.58,9893.88,9884.86,9885.04,237
2025-06-06 00:39:00,9887.86,9897.66,9879.73,9880.91,252
2025-06-06 00:40:00,9882.88,9888.31,9880.12,9880.93,216
2025-06-06 00:41:00,9878.1,9887.48,9875.45,9879.45,117
2025-06-06 00:42:00,9867.09,9873.39,9865.53,9871.5,124
2025-06-06 00:43:00,9864.11,9871.9,9857.88,9858.56,234
2025-06-06 00:44:00,9866.62,9874.48,9864.15,9874.08,140
2025-06-06 00:45:00,9871.69,9878.99,9863.01,9871.21,71
2025-06-06 00:46:00,9878.56,9883.77,9869.39,9873.94,281
2025-06-06 00:47:00,9879.26,9880.38,9869.87,9870.48,58
2025-06-06 00:48:00,9878.21,9885.85,9868.52,9882.31,177
2025-06-06 00:49:00,9869.91,9870.03,9863.59,9868.75,168
2025-06-06 00:50:00,9868.71,9878.34,9865.0,9876.07,107
2025-06-06 00:51:00,9872.12,9874.29,9865.99,9867.5,159
2025-06-06 00:52:00,9875.12,9880.19,9868.76,9869.04,267
2025-06-06 00:53:00,9883.69,9893.02,9876.02,9880.65,247
2025-06-06 00:54:00,9881.96,9885.86,9878.65,9885.02,280
2025-06-06 00:55:00,9884.35,9892.9,9876.78,9888.95,283
2025-06-06 00:56:00,9885.3,9893.21,9876.41,9881.76,272
2025-06-06 00:57:00,9886.58,9888.31,9886.07,9886.09,270
2025-06-06 00:58:00,9896.81,9904.63,9893.54,9895.34,92
2025-06-06 00:59:00,9898.17,9905.5,9896.42,9903.63,82
2025-06-06 01:00:00,9899.43,9907.76,9897.23,9906.43,68
2025-06-06 01:01:00,9906.1,9913.63,9898.96,9906.7,83
2025-06-06 01:02:00,9902.57,9902.85,9894.27,9896.66,227
2025-06-06 01:03:00,9899.03,9899.96,9892.09,9892.59,67
2025-06-06 01:04:00,9901.31,9909.41,9897.45,9901.72,231
2025-06-06 01:05:00,9891.04,9892.19,9888.61,9891.99,73
2025-06-06 01:06:00,9896.47,9899.12,9888.58,9898.03,160
2025-06-06 01:07:00,9898.02,9906.83,9894.97,9899.09,126
2025-06-06 01:08:00,9890.99,9899.35,9888.1,9893.96,178
2025-06-06 01:09:00,9897.22,9898.38,9890.88,9896.74,276
2025-06-06 01:10:00,9887.36,9895.46,9877.6,9884.23,264
2025-06-06 01:11:00,9878.96,9885.79,9877.41,9884.15,196
2025-06-06 01:12:00,9871.73,9877.5,9870.47,9877.16,234
2025-06-06 01:13:00,9870.53,9877.64,9862.93,9868.35,64
2025-06-06 01:14:00,9875.21,9876.69,9873.39,9873.67,269
2025-06-06 01:15:00,9881.21,9883.66,9877.04,9879.49,118
2025-06-06 01:16:00,9885.59,9886.08,9881.62,9883.63,76
2025-06-06 01:17:00,9890.61,9898.06,9889.29,9897.05,173
2025-06-06 01:18:00,9896.29,9905.07,9888.7,9901.6,229
2025-06-06 01:19:00,9899.41,9899.98,9892.76,9896.02,107
2025-06-06 01:20:00,9899.75,9900.88,9890.27,9897.06,122
2025-06-06 01:21:00,9898.75,9904.4,9891.93,9894.23,138
2025-06-06 01:22:00,9899.93,9907.62,9898.47,9903.35,239
2025-06-06 01:23:00,9893.67,9895.33,9890.42,9890.55,74
2025-06-06 01:24:00,9894.02,9895.18,9890.49,9891.0,115
2025-06-06 01:25:00,9898.26,9903.41,9892.7,9898.36,247
2025-06-06 01:26:00,9906.66,9909.94,9900.36,9905.38,171
2025-06-06 01:27:00,9901.13,9911.03,9896.72,9898.38,64
2025-06-06 01:28:00,9899.65,9909.3,9893.93,9908.08,142
2025-06-06 01:29:00,9892.74,9894.02,9885.73,9893.59,262
2025-06-06 01:30:00,9886.49,9895.5,9882.02,9892.86,262
2025-06-06 01:31:00,9875.39,9875.6,9871.6,9874.11,51
2025-06-06 01:32:00,9866.4,9871.47,9865.47,9867.39,167
2025-06-06 01:33:00,9863.52,9868.54,9862.68,9868.49,229
2025-06-06 01:34:00,9861.86,9868.8,9861.18,9863.28,180
2025-06-06 01:35:00,9864.94,9868.33,9859.42,9861.58,151
2025-06-06 01:36:00,9866.01,9869.09,9858.91,9858.91,184
2025-06-06 01:37:00,9868.6,9876.62,9863.79,9870.31,87
2025-06-06 01:38:00,9870.62,9873.35,9868.88,9869.56,142
2025-06-06 01:39:00,9868.52,9870.73,9860.56,9861.41,71
2025-06-06 01:40:00,9864.57,9869.81,9858.67,9864.68,247
2025-06-06 01:41:00,9859.15,9861.7,9849.83,9854.86,284
2025-06-06 01:42:00,9862.46,9870.19,9860.6,9862.05,269
2025-06-06 01:43:00,9864.01,9867.87,9863.9,9864.4,208
2025-06-06 01:44:00,9858.14,9861.32,9848.35,9851.22,287
2025-06-06 01:45:00,9859.58,9867.98,9854.5,9860.12,191
2025-06-06 01:46:00,9863.9,9873.66,9863.23,9872.13,229
2025-06-06 01:47:00,9866.72,9875.52,9864.43,9869.45,70
2025-06-06 01:48:00,9867.79,9876.19,9858.77,9874.9,135
2025-06-06 01:49:00,9863.84,9868.65,9861.24,9865.61,123
2025-06-06 01:50:00,9855.3,9864.77,9850.58,9859.63,61
2025-06-06 01:51:00,9852.03,9861.87,9848.9,9860.56,299
2025-06-06 01:52:00,9845.12,9854.16,9837.28,9849.39,277
2025-06-06 01:53:00,9838.31,9847.61,9833.01,9834.24,105
2025-06-06 01:54:00,9849.2,9850.27,9841.28,9845.28,274
2025-06-06 01:55:00,9848.89,9858.78,9848.29,9854.44,162
2025-06-06 01:56:00,9856.97,9861.74,9856.83,9858.12,51
2025-06-06 01:57:00,9854.33,9863.11,9854.32,9856.97,63
2025-06-06 01:58:00,9855.56,9860.7,9854.93,9857.73,166
2025-06-06 01:59:00,9846.1,9852.14,9843.91,9846.97,165
2025-06-06 02:00:00,9844.85,9853.92,9842.03,9847.73,273
2025-06-06 02:01:00,9849.11,9849.19,9845.57,9847.22,290
2025-06-06 02:02:00,9848.2,9853.25,9845.97,9851.47,278
2025-06-06 02:03:00,9842.84,9850.69,9841.21,9847.19,135
2025-06-06 02:04:00,9846.35,9856.19,9845.27,9846.1,151
2025-06-06 02:05:00,9849.33,9857.32,9843.46,9857.05,271
2025-06-06 02:06:00,9852.73,9854.31,9842.74,9850.96,214
2025-06-06 02:07:00,9857.48,9861.58,9851.71,9854.99,52
2025-06-06 02:08:00,9854.41,9854.82,9844.88,9846.53,266
2025-06-06 02:09:00,9851.36,9858.96,9844.2,9848.81,209
2025-06-06 02:10:00,9851.05,9860.64,9842.35,9842.97,167
2025-06-06 02:11:00,9848.18,9850.12,9839.64,9840.31,238
2025-06-06 02:12:00,9843.04,9847.83,9836.76,9839.39,284
2025-06-06 02:13:00,9839.9,9846.42,9839.25,9846.14,265
2025-06-06 02:14:00,9836.72,9840.97,9831.48,9840.62,77
2025-06-06 02:15:00,9848.12,9849.19,9843.29,9847.9,222
2025-06-06 02:16:00,9844.13,9844.6,9838.48,9841.26,287
2025-06-06 02:17:00,9848.12,9857.54,9844.67,9846.05,153
2025-06-06 02:18:00,9836.39,9842.58,9828.97,9833.1,81
2025-06-06 02:19:00,9833.11,9838.61,9832.66,9835.1,167
2025-06-06 02:20:00,9826.65,9834.91,9816.79,9828.21,83
2025-06-06 02:21:00,9830.36,9838.75,9830.14,9834.28,212
2025-06-06 02:22:00,9827.97,9828.79,9823.31,9824.24,146
2025-06-06 02:23:00,9831.72,9832.66,9830.31,9830.39,164
2025-06-06 02:24:00,9818.48,9827.93,9811.84,9821.1,132
2025-06-06 02:25:00,9815.58,9818.7,9815.33,9817.64,189
2025-06-06 02:26:00,9814.38,9823.79,9812.92,9821.94,107
2025-06-06 02:27:00,9804.62,9810.25,9797.37,9798.46,256
2025-06-06 02:28:00,9799.88,9800.31,9795.0,9796.21,89
2025-06-06 02:29:00,9805.33,9809.59,9801.45,9806.48,168
2025-06-06 02:30:00,9806.83,9812.65,9805.96,9812.14,225
2025-06-06 02:31:00,9813.45,9816.76,9804.98,9815.4,147
2025-06-06 02:32:00,9801.67,9804.01,9798.82,9803.64,201
2025-06-06 02:33:00,9794.99,9800.57,9792.94,9796.21,140
2025-06-06 02:34:00,9794.27,9798.77,9789.14,9794.58,195
2025-06-06 02:35:00,9799.92,9804.24,9797.93,9803.07,115
2025-06-06 02:36:00,9803.56,9813.52,9802.22,9807.67,74
2025-06-06 02:37:00,9803.76,9807.35,9800.05,9806.27,104
2025-06-06 02:38:00,9802.61,9809.31,9798.09,9801.33,194
2025-06-06 02:39:00,9802.5,9806.0,9800.27,9805.09,267
2025-06-06 02:40:00,9802.1,9802.92,9795.76,9802.2,260
2025-06-06 02:41:00,9798.87,9801.99,9792.36,9793.71,256
2025-06-06 02:42:00,9797.1,9797.39,9795.92,9796.24,288
2025-06-06 02:43:00,9803.12,9806.63,9801.2,9802.13,265
2025-06-06 02:44:00,9801.1,9802.33,9800.92,9801.27,125
2025-06-06 02:45:00,9802.56,9808.73,9793.02,9805.85,125
2025-06-06 02:46:00,9802.91,9812.68,9802.84,9812.62,129
2025-06-06 02:47:00,9806.48,9811.75,9798.69,9811.14,276
2025-06-06 02:48:00,9814.2,9818.55,9810.52,9813.88,234
2025-06-06 02:49:00,9813.91,9823.54,9811.2,9820.01,90
2025-06-06 02:50:00,9815.47,9824.58,9815.25,9823.86,247
2025-06-06 02:51:00,9818.45,9820.96,9813.35,9815.98,195
2025-06-06 02:52:00,9815.98,9821.6,9809.6,9819.25,141
2025-06-06 02:53:00,9821.77,9829.1,9816.29,9820.23,247
2025-06-06 02:54:00,9822.36,9830.99,9818.63,9822.7,157
2025-06-06 02:55:00,9829.83,9832.34,9828.78,9829.65,130
2025-06-06 02:56:00,9823.67,9826.07,9816.1,9822.85,123
2025-06-06 02:57:00,9824.19,9832.8,9822.6,9830.57,64
2025-06-06 02:58:00,9820.85,9826.5,9813.58,9826.04,284
2025-06-06 02:59:00,9817.54,9822.14,9811.17,9819.66,213
2025-06-06 03:00:00,9814.88,9817.89,9807.47,9814.18,209
2025-06-06 03:01:00,9814.43,9820.34,9807.02,9812.35,55
2025-06-06 03:02:00,9819.18,9829.06,9817.37,9825.23,68
2025-06-06 03:03:00,9818.42,9827.61,9811.45,9811.54,291
2025-06-06 03:04:00,9815.35,9822.24,9806.02,9808.75,121
2025-06-06 03:05:00,9806.5,9806.83,9802.18,9806.05,201
2025-06-06 03:06:00,9807.4,9816.42,9803.81,9808.72,150
2025-06-06 03:07:00,9805.68,9810.21,9803.64,9807.4,195
2025-06-06 03:08:00,9806.85,9815.76,9804.84,9812.64,86
2025-06-06 03:09:00,9802.2,9807.35,9800.69,9805.8,178
2025-06-06 03:10:00,9790.82,9791.88,9783.06,9791.56,63
2025-06-06 03:11:00,9786.24,9790.58,9777.07,9786.66,210
2025-06-06 03:12:00,9789.98,9799.1,9784.62,9786.87,224
2025-06-06 03:13:00,9793.52,9799.3,9790.66,9796.91,76
2025-06-06 03:14:00,9798.67,9800.38,9793.62,9794.22,141
2025-06-06 03:15:00,9799.27,9800.1,9798.25,9799.3,69
2025-06-06 03:16:00,9806.21,9807.6,9798.28,9804.91,254
2025-06-06 03:17:00,9802.12,9809.1,9799.5,9800.77,246
2025-06-06 03:18:00,9808.84,9810.43,9805.19,9807.92,59
2025-06-06 03:19:00,9804.32,9806.06,9797.71,9800.27,62
2025-06-06 03:20:00,9797.01,9799.73,9791.21,9797.79,161
2025-06-06 03:21:00,9781.08,9785.74,9774.74,9783.91,118
2025-06-06 03:22:00,9779.12,9786.58,9777.83,9778.48,205
2025-06-06 03:23:00,9777.84,9784.44,9770.5,9770.83,141
2025-06-06 03:24:00,9786.55,9786.63,9779.37,9780.61,158
2025-06-06 03:25:00,9793.78,9794.49,9785.58,9787.01,160
2025-06-06 03:26:00,9787.78,9795.66,9780.05,9795.15,177
2025-06-06 03:27:00,9785.85,9793.23,9778.03,9791.63,236
2025-06-06 03:28:00,9784.62,9784.76,9784.13,9784.24,176
2025-06-06 03:29:00,9782.38,9789.11,9776.46,9782.75,164
2025-06-06 03:30:00,9790.51,9794.24,9784.37,9791.5,177
2025-06-06 03:31:00,9781.17,9788.04,9779.87,9780.34,139
2025-06-06 03:32:00,9784.26,9790.32,9776.24,9789.9,155
2025-06-06 03:33:00,9780.09,9784.4,9779.27,9780.57,61
2025-06-06 03:34:00,9778.75,9784.11,9778.33,9782.96,164
2025-06-06 03:35:00,9784.95,9790.54,9778.24,9778.63,87
2025-06-06 03:36:00,9786.69,9791.17,9785.11,9787.86,60
2025-06-06 03:37:00,9782.73,9791.57,9780.74,9782.66,125
2025-06-06 03:38:00,9783.55,9786.64,9776.06,9784.74,89
2025-06-06 03:39:00,9779.05,9786.83,9774.63,9781.9,52
2025-06-06 03:40:00,9779.73,9784.62,9774.86,9783.08,159
2025-06-06 03:41:00,9780.74,9787.89,9780.5,9787.23,191
2025-06-06 03:42:00,9781.65,9791.28,9778.61,9784.21,285
2025-06-06 03:43:00,9789.01,9793.99,9782.49,9784.58,266
2025-06-06 03:44:00,9787.08,9793.86,9779.19,9790.91,174
2025-06-06 03:45:00,9789.45,9795.4,9783.94,9788.85,274
2025-06-06 03:46:00,9793.1,9802.63,9785.5,9791.86,288
2025-06-06 03:47:00,9794.59,9799.46,9786.75,9790.63,271
2025-06-06 03:48:00,9784.71,9791.18,9776.4,9788.09,147
2025-06-06 03:49:00,9783.16,9793.16,9774.95,9775.61,137
2025-06-06 03:50:00,9783.14,9785.17,9779.55,9780.92,99
2025-06-06 03:51:00,9779.15,9784.72,9769.74,9772.31,146
2025-06-06 03:52:00,9772.47,9781.25,9768.39,9778.38,90
2025-06-06 03:53:00,9789.68,9793.24,9784.67,9791.64,63
2025-06-06 03:54:00,9788.98,9789.5,9787.7,9788.23,84
2025-06-06 03:55:00,9793.05,9795.2,9788.11,9791.12,103
2025-06-06 03:56:00,9791.04,9792.85,9781.85,9791.11,187
2025-06-06 03:57:00,9790.55,9797.49,9785.67,9792.12,230
2025-06-06 03:58:00,9792.37,9795.34,9783.78,9786.4,75
2025-06-06 03:59:00,9788.29,9790.88,9785.05,9789.12,264
2025-06-06 04:00:00,9794.49,9796.32,9789.69,9795.86,120
2025-06-06 04:01:00,9792.93,9801.86,9788.69,9790.61,100
2025-06-06 04:02:00,9791.92,9800.99,9786.04,9786.47,181
2025-06-06 04:03:00,9787.75,9794.09,9785.49,9790.5,56
2025-06-06 04:04:00,9783.54,9787.34,9775.31,9779.65,99
2025-06-06 04:05:00,9783.16,9785.13,9778.22,9782.42,200
2025-06-06 04:06:00,9784.4,9787.08,9782.45,9783.3,238
2025-06-06 04:07:00,9783.98,9790.02,9780.51,9782.75,284
2025-06-06 04:08:00,9776.42,9782.1,9767.07,9776.09,191
2025-06-06 04:09:00,9778.21,9778.41,9776.64,9777.7,127
2025-06-06 04:10:00,9783.97,9787.2,9779.39,9779.52,299
2025-06-06 04:11:00,9789.83,9795.87,9781.66,9790.82,269
2025-06-06 04:12:00,9793.67,9798.32,9786.3,9797.75,257
2025-06-06 04:13:00,9788.32,9789.31,9781.81,9784.91,160
2025-06-06 04:14:00,9780.2,9788.07,9778.29,9780.22,200
2025-06-06 04:15:00,9783.18,9785.48,9777.13,9783.16,174
2025-06-06 04:16:00,9786.71,9789.23,9778.43,9780.96,117
2025-06-06 04:17:00,9784.12,9790.18,9778.4,9779.52,125
2025-06-06 04:18:00,9778.54,9781.65,9772.81,9773.39,114
2025-06-06 04:19:00,9785.79,9790.08,9777.43,9784.69,62
2025-06-06 04:20:00,9779.49,9786.65,9776.51,9782.48,144
2025-06-06 04:21:00,9773.03,9775.51,9764.94,9769.45,250
2025-06-06 04:22:00,9763.14,9770.05,9757.16,9768.1,159
2025-06-06 04:23:00,9769.82,9770.79,9768.88,9770.03,130
2025-06-06 04:24:00,9770.57,9773.29,9765.5,9772.1,55
2025-06-06 04:25:00,9774.25,9779.2,9772.52,9778.96,270
2025-06-06 04:26:00,9777.9,9781.85,9774.57,9774.84,68
2025-06-06 04:27:00,9779.03,9783.36,9773.0,9773.33,258
2025-06-06 04:28:00,9777.85,9781.68,9771.48,9776.36,105
2025-06-06 04:29:00,9774.53,9777.86,9767.81,9774.59,90
2025-06-06 04:30:00,9770.77,9775.67,9765.62,9768.78,79
2025-06-06 04:31:00,9769.41,9772.98,9764.6,9766.83,199
2025-06-06 04:32:00,9774.15,9783.84,9770.61,9775.95,147
2025-06-06 04:33:00,9767.77,9774.37,9763.75,9769.9,295
2025-06-06 04:34:00,9766.92,9776.15,9757.81,9758.44,73
2025-06-06 04:35:00,9758.62,9765.16,9751.4,9756.42,135
2025-06-06 04:36:00,9757.08,9757.41,9749.18,9753.32,229
2025-06-06 04:37:00,9760.99,9767.71,9752.23,9755.96,196
2025-06-06 04:38:00,9757.31,9758.99,9757.01,9757.52,241
2025-06-06 04:39:00,9765.2,9774.0,9764.37,9767.91,113
2025-06-06 04:40:00,9767.54,9775.34,9758.3,9762.82,269
2025-06-06 04:41:00,9766.86,9769.54,9761.71,9767.52,247
2025-06-06 04:42:00,9760.68,9770.45,9756.65,9767.08,185
2025-06-06 04:43:00,9750.31,9758.45,9744.4,9748.67,205
2025-06-06 04:44:00,9750.03,9759.99,9748.41,9751.01,124
2025-06-06 04:45:00,9733.05,9736.39,9723.94,9728.88,198
2025-06-06 04:46:00,9723.95,9732.59,9722.09,9727.27,234
2025-06-06 04:47:00,9722.87,9726.59,9720.25,9726.51,198
2025-06-06 04:48:00,9726.45,9734.2,9724.75,9729.77,89
2025-06-06 04:49:00,9735.86,9743.72,9735.56,9740.19,190
2025-06-06 04:50:00,9721.34,9721.68,9719.4,9719.62,269
2025-06-06 04:51:00,9719.4,9727.53,9713.14,9726.25,55
2025-06-06 04:52:00,9716.78,9720.75,9707.31,9713.05,190
2025-06-06 04:53:00,9717.96,9720.22,9716.52,9717.92,206
2025-06-06 04:54:00,9715.29,9723.34,9713.69,9720.03,114
2025-06-06 04:55:00,9714.04,9720.03,9712.18,9716.69,161
2025-06-06 04:56:00,9704.46,9705.71,9698.7,9701.6,125
2025-06-06 04:57:00,9712.98,9714.14,9708.69,9711.86,232
2025-06-06 04:58:00,9709.74,9712.32,9709.62,9710.73,279
2025-06-06 04:59:00,9706.3,9715.28,9698.01,9701.89,138
2025-06-06 05:00:00,9707.6,9712.36,9701.46,9703.84,198
2025-06-06 05:01:00,9701.59,9710.35,9698.81,9700.23,272
2025-06-06 05:02:00,9697.39,9703.44,9691.7,9700.11,243
2025-06-06 05:03:00,9700.99,9706.27,9696.88,9701.4,85
2025-06-06 05:04:00,9701.77,9704.77,9698.92,9702.93,209
2025-06-06 05:05:00,9699.13,9709.01,9696.29,9698.0,267
2025-06-06 05:06:00,9696.19,9697.1,9694.02,9695.58,230
2025-06-06 05:07:00,9694.85,9700.13,9691.51,9692.38,217
2025-06-06 05:08:00,9691.26,9697.12,9691.06,9691.27,275
2025-06-06 05:09:00,9692.67,9697.81,9687.35,9695.38,207
2025-06-06 05:10:00,9689.98,9698.9,9682.26,9696.89,246
2025-06-06 05:11:00,9696.6,9701.15,9691.56,9693.29,116
2025-06-06 05:12:00,9692.59,9693.06,9685.9,9687.5,124
2025-06-06 05:13:00,9691.71,9696.48,9689.05,9694.43,163
2025-06-06 05:14:00,9686.86,9691.06,9684.89,9689.02,163
2025-06-06 05:15:00,9683.48,9685.31,9675.05,9685.07,146
2025-06-06 05:16:00,9695.19,9700.52,9690.89,9700.46,279
2025-06-06 05:17:00,9695.85,9696.65,9692.86,9695.26,53
2025-06-06 05:18:00,9695.27,9703.87,9688.49,9699.73,299
2025-06-06 05:19:00,9692.61,9695.88,9692.03,9695.42,243
2025-06-06 05:20:00,9695.04,9703.82,9689.18,9695.73,97
2025-06-06 05:21:00,9695.96,9702.68,9689.0,9690.03,218
2025-06-06 05:22:00,9689.56,9690.62,9682.4,9689.18,171
2025-06-06 05:23:00,9692.56,9697.49,9685.24,9688.72,67
2025-06-06 05:24:00,9687.42,9687.52,9684.34,9686.72,137
2025-06-06 05:25:00,9687.16,9690.21,9678.12,9680.57,240
2025-06-06 05:26:00,9687.9,9695.09,9683.3,9683.52,264
2025-06-06 05:27:00,9684.46,9685.57,9675.16,9679.29,279
2025-06-06 05:28:00,9679.26,9682.44,9670.91,9674.34,281
2025-06-06 05:29:00,9681.44,9681.96,9677.67,9678.0,88
2025-06-06 05:30:00,9674.68,9678.63,9670.44,9675.75,114
2025-06-06 05:31:00,9677.45,9683.53,9677.15,9680.88,149
2025-06-06 05:32:00,9679.31,9685.56,9675.23,9684.3,141
2025-06-06 05:33:00,9684.33,9687.4,9677.15,9686.24,115
2025-06-06 05:34:00,9687.71,9691.55,9682.64,9688.28,101
2025-06-06 05:35:00,9687.6,9697.34,9680.6,9683.6,272
2025-06-06 05:36:00,9683.47,9683.71,9680.41,9682.69,89
2025-06-06 05:37:00,9693.4,9696.91,9692.13,9694.74,64
2025-06-06 05:38:00,9687.57,9689.15,9682.95,9687.03,188
2025-06-06 05:39:00,9692.88,9701.74,9689.31,9694.55,169
2025-06-06 05:40:00,9686.56,9687.39,9684.4,9686.34,238
2025-06-06 05:41:00,9689.4,9689.53,9685.26,9685.28,92
2025-06-06 05:42:00,9683.1,9688.39,9673.56,9677.67,249
2025-06-06 05:43:00,9694.23,9702.88,9688.32,9695.72,226
2025-06-06 05:44:00,9695.08,9702.64,9693.96,9696.11,282
2025-06-06 05:45:00,9693.4,9700.39,9691.43,9699.94,106
2025-06-06 05:46:00,9699.94,9708.3,9690.25,9694.46,261
2025-06-06 05:47:00,9707.04,9711.45,9703.97,9708.92,126
2025-06-06 05:48:00,9703.03,9708.2,9697.95,9704.8,104
2025-06-06 05:49:00,9692.95,9696.93,9686.66,9692.99,138
2025-06-06 05:50:00,9688.19,9689.24,9680.16,9681.61,244
2025-06-06 05:51:00,9685.55,9687.61,9680.75,9687.03,133
2025-06-06 05:52:00,9685.9,9686.22,9683.44,9684.56,53
2025-06-06 05:53:00,9687.21,9694.77,9679.53,9694.13,76
2025-06-06 05:54:00,9689.32,9695.96,9681.36,9690.87,282
2025-06-06 05:55:00,9679.36,9681.85,9675.78,9679.73,163
2025-06-06 05:56:00,9679.94,9687.23,9673.8,9680.54,225
2025-06-06 05:57:00,9693.66,9703.07,9684.78,9702.41,182
2025-06-06 05:58:00,9693.21,9696.71,9688.92,9694.15,187
2025-06-06 05:59:00,9691.07,9693.67,9683.22,9689.65,272
2025-06-06 06:00:00,9680.97,9683.89,9678.37,9682.43,217
2025-06-06 06:01:00,9685.08,9692.42,9684.95,9689.81,97
2025-06-06 06:02:00,9687.99,9696.28,9678.18,9683.0,159
2025-06-06 06:03:00,9689.92,9694.3,9683.7,9692.18,124
2025-06-06 06:04:00,9682.56,9686.01,9680.57,9683.12,84
2025-06-06 06:05:00,9695.5,9701.09,9694.94,9698.99,293
2025-06-06 06:06:00,9696.0,9696.55,9688.9,9695.69,104
2025-06-06 06:07:00,9698.72,9698.87,9697.8,9698.06,90
2025-06-06 06:08:00,9699.41,9700.5,9693.16,9697.62,129
2025-06-06 06:09:00,9701.37,9702.99,9699.33,9699.53,288
2025-06-06 06:10:00,9699.33,9709.09,9698.6,9703.94,257
2025-06-06 06:11:00,9704.04,9705.13,9699.23,9699.32,286
2025-06-06 06:12:00,9708.77,9710.89,9704.25,9709.42,174
2025-06-06 06:13:00,9697.25,9698.78,9689.68,9694.84,200
2025-06-06 06:14:00,9690.5,9698.11,9685.92,9690.8,176
2025-06-06 06:15:00,9691.4,9695.06,9681.45,9688.19,102
2025-06-06 06:16:00,9697.65,9701.16,9693.57,9696.85,245
2025-06-06 06:17:00,9693.98,9695.63,9684.73,9688.09,90
2025-06-06 06:18:00,9698.86,9707.78,9696.14,9702.55,291
2025-06-06 06:19:00,9698.05,9699.05,9693.99,9697.89,129
2025-06-06 06:20:00,9699.5,9702.5,9692.62,9698.73,105
2025-06-06 06:21:00,9692.87,9695.56,9689.64,9693.93,179
2025-06-06 06:22:00,9697.2,9701.61,9690.11,9690.85,224
2025-06-06 06:23:00,9694.06,9702.83,9686.26,9701.16,192
2025-06-06 06:24:00,9703.36,9706.57,9697.38,9698.03,130
2025-06-06 06:25:00,9711.63,9716.81,9709.93,9711.5,76
2025-06-06 06:26:00,9711.02,9713.39,9702.2,9709.15,237
2025-06-06 06:27:00,9699.11,9707.51,9691.92,9696.86,173
2025-06-06 06:28:00,9703.75,9705.42,9695.84,9701.54,242
2025-06-06 06:29:00,9697.92,9699.77,9693.7,9697.37,102
2025-06-06 06:30:00,9698.17,9707.74,9694.11,9707.32,203
2025-06-06 06:31:00,9699.21,9700.69,9690.91,9698.72,212
2025-06-06 06:32:00,9700.96,9703.93,9699.85,9701.66,238
2025-06-06 06:33:00,9702.36,9708.15,9692.68,9707.87,174
2025-06-06 06:34:00,9710.46,9714.46,9700.78,9700.79,145
2025-06-06 06:35:00,9704.17,9712.05,9695.3,9701.89,183
2025-06-06 06:36:00,9703.92,9712.72,9703.87,9707.08,293
2025-06-06 06:37:00,9700.29,9701.69,9693.85,9695.86,200
2025-06-06 06:38:00,9689.9,9694.18,9689.75,9693.82,85
2025-06-06 06:39:00,9691.08,9695.76,9682.53,9692.57,211
2025-06-06 06:40:00,9694.36,9702.49,9685.65,9694.81,262
2025-06-06 06:41:00,9701.25,9709.97,9700.56,9704.23,50
2025-06-06 06:42:00,9703.36,9710.56,9700.94,9708.86,224
2025-06-06 06:43:00,9702.4,9704.65,9693.22,9700.0,221
2025-06-06 06:44:00,9699.77,9707.5,9691.9,9692.64,183
2025-06-06 06:45:00,9705.81,9713.4,9703.37,9705.01,278
2025-06-06 06:46:00,9695.55,9699.79,9690.53,9694.82,236
2025-06-06 06:47:00,9692.87,9699.16,9683.49,9693.64,227
2025-06-06 06:48:00,9676.74,9684.03,9672.83,9673.53,166
2025-06-06 06:49:00,9684.0,9690.89,9683.13,9689.17,190
2025-06-06 06:50:00,9682.05,9687.4,9675.83,9685.48,250
2025-06-06 06:51:00,9683.36,9689.43,9682.15,9687.79,263
2025-06-06 06:52:00,9675.07,9675.42,9667.78,9673.4,142
2025-06-06 06:53:00,9669.38,9669.84,9659.9,9662.12,101
2025-06-06 06:54:00,9675.19,9680.52,9674.15,9680.16,160
2025-06-06 06:55:00,9667.93,9675.7,9660.47,9674.09,128
2025-06-06 06:56:00,9672.62,9679.78,9663.15,9668.09,171
2025-06-06 06:57:00,9674.55,9677.3,9665.25,9669.47,111
2025-06-06 06:58:00,9677.95,9682.64,9672.72,9677.37,74
2025-06-06 06:59:00,9684.32,9691.27,9682.25,9685.23,193
2025-06-06 07:00:00,9672.49,9681.38,9665.52,9668.54,289
2025-06-06 07:01:00,9674.61,9675.96,9664.87,9673.49,299
2025-06-06 07:02:00,9673.47,9675.52,9672.84,9673.11,184
2025-06-06 07:03:00,9680.35,9684.69,9671.73,9682.08,93
2025-06-06 07:04:00,9672.09,9673.92,9670.53,9673.12,145
2025-06-06 07:05:00,9675.77,9680.96,9668.79,9673.5,115
2025-06-06 07:06:00,9677.12,9682.36,9676.71,9678.98,100
2025-06-06 07:07:00,9672.14,9681.57,9664.94,9675.4,174
2025-06-06 07:08:00,9677.65,9685.95,9673.6,9680.42,71
2025-06-06 07:09:00,9683.13,9689.06,9681.71,9686.22,169
2025-06-06 07:10:00,9684.67,9687.31,9676.52,9677.24,245
2025-06-06 07:11:00,9671.05,9680.35,9669.31,9680.28,104
2025-06-06 07:12:00,9672.91,9680.77,9668.49,9674.02,298
2025-06-06 07:13:00,9670.89,9674.77,9667.4,9674.17,117
2025-06-06 07:14:00,9676.43,9678.83,9666.5,9667.21,249
2025-06-06 07:15:00,9676.86,9684.43,9673.21,9682.49,164
2025-06-06 07:16:00,9683.39,9688.53,9676.38,9687.23,83
2025-06-06 07:17:00,9688.35,9695.05,9687.54,9688.29,128
2025-06-06 07:18:00,9689.68,9699.5,9689.28,9692.87,292
2025-06-06 07:19:00,9687.14,9689.04,9684.81,9688.24,114
2025-06-06 07:20:00,9686.16,9688.6,9683.35,9684.25,177
2025-06-06 07:21:00,9690.0,9698.62,9686.49,9687.78,183
2025-06-06 07:22:00,9687.36,9695.03,9678.19,9679.65,218
2025-06-06 07:23:00,9685.3,9694.41,9680.79,9681.0,69
2025-06-06 07:24:00,9689.07,9697.18,9688.85,9696.36,240
2025-06-06 07:25:00,9683.5,9685.24,9682.01,9684.72,238
2025-06-06 07:26:00,9682.3,9685.47,9673.04,9676.37,204
2025-06-06 07:27:00,9688.14,9696.28,9679.53,9692.14,260
2025-06-06 07:28:00,9685.39,9694.46,9680.09,9684.15,111
2025-06-06 07:29:00,9678.47,9678.79,9669.73,9670.3,258
2025-06-06 07:30:00,9669.65,9677.52,9661.44,9671.47,262
2025-06-06 07:31:00,9666.03,9667.29,9658.36,9658.64,119
2025-06-06 07:32:00,9660.93,9668.47,9657.78,9661.14,75
2025-06-06 07:33:00,9666.81,9673.98,9657.34,9667.38,201
2025-06-06 07:34:00,9667.17,9670.5,9660.61,9669.98,63
2025-06-06 07:35:00,9666.46,9668.22,9656.56,9667.2,156
2025-06-06 07:36:00,9665.73,9668.67,9659.16,9664.2,108
2025-06-06 07:37:00,9671.78,9672.34,9664.95,9666.59,163
2025-06-06 07:38:00,9676.59,9681.93,9675.64,9676.82,263
2025-06-06 07:39:00,9674.82,9675.1,9673.5,9673.67,205
2025-06-06 07:40:00,9669.48,9674.52,9668.52,9670.8,68
2025-06-06 07:41:00,9660.76,9665.23,9658.66,9662.46,264
2025-06-06 07:42:00,9661.17,9665.35,9659.01,9659.36,70
2025-06-06 07:43:00,9658.5,9665.58,9652.5,9655.65,147
2025-06-06 07:44:00,9663.95,9670.51,9657.13,9658.76,61
2025-06-06 07:45:00,9672.83,9675.71,9671.43,9674.6,193
2025-06-06 07:46:00,9677.46,9680.59,9677.18,9678.13,216
2025-06-06 07:47:00,9678.35,9682.73,9675.74,9678.96,65
2025-06-06 07:48:00,9672.37,9681.43,9671.43,9673.37,268
2025-06-06 07:49:00,9676.07,9677.06,9675.27,9675.98,139
2025-06-06 07:50:00,9671.94,9674.11,9662.95,9670.44,178
2025-06-06 07:51:00,9672.34,9680.81,9669.85,9677.72,69
2025-06-06 07:52:00,9672.3,9678.38,9664.85,9671.27,131
2025-06-06 07:53:00,9678.64,9684.7,9678.07,9683.41,117
2025-06-06 07:54:00,9678.29,9681.03,9671.57,9678.42,239
2025-06-06 07:55:00,9681.68,9683.34,9672.13,9673.56,183
2025-06-06 07:56:00,9677.41,9686.41,9674.0,9684.88,214
2025-06-06 07:57:00,9678.62,9687.36,9673.85,9682.85,219
2025-06-06 07:58:00,9678.55,9687.88,9678.26,9682.68,74
2025-06-06 07:59:00,9685.2,9693.73,9679.49,9686.99,159
2025-06-06 08:00:00,9689.74,9697.9,9685.05,9685.91,206
2025-06-06 08:01:00,9689.56,9691.5,9682.21,9682.51,153
2025-06-06 08:02:00,9700.54,9701.38,9698.67,9700.41,207
2025-06-06 08:03:00,9701.39,9708.94,9695.56,9696.87,242
2025-06-06 08:04:00,9700.55,9710.44,9700.06,9702.65,202
2025-06-06 08:05:00,9700.08,9709.82,9691.71,9692.46,83
2025-06-06 08:06:00,9707.62,9713.26,9701.57,9704.07,200
2025-06-06 08:07:00,9710.65,9714.8,9707.99,9710.76,94
2025-06-06 08:08:00,9711.26,9712.57,9709.4,9711.75,222
2025-06-06 08:09:00,9715.93,9717.79,9711.71,9712.72,142
2025-06-06 08:10:00,9714.35,9720.75,9707.13,9710.92,273
2025-06-06 08:11:00,9715.18,9718.19,9712.99,9716.95,243
2025-06-06 08:12:00,9714.35,9720.11,9714.01,9714.04,107
2025-06-06 08:13:00,9709.96,9718.05,9701.8,9715.74,112
2025-06-06 08:14:00,9720.02,9723.65,9713.9,9717.36,275
2025-06-06 08:15:00,9721.94,9729.51,9718.68,9721.74,79
2025-06-06 08:16:00,9714.87,9721.68,9705.75,9720.38,289
2025-06-06 08:17:00,9704.74,9706.3,9704.28,9706.28,67
2025-06-06 08:18:00,9711.67,9718.63,9708.37,9710.61,293
2025-06-06 08:19:00,9709.68,9709.83,9705.09,9709.17,247
2025-06-06 08:20:00,9721.8,9722.41,9714.36,9722.28,268
2025-06-06 08:21:00,9720.82,9728.94,9719.16,9728.89,289
2025-06-06 08:22:00,9715.05,9724.0,9711.12,9721.0,143
2025-06-06 08:23:00,9707.01,9707.06,9704.31,9705.58,240
2025-06-06 08:24:00,9695.9,9696.7,9686.22,9686.95,219
2025-06-06 08:25:00,9703.36,9703.7,9698.78,9702.55,178
2025-06-06 08:26:00,9704.41,9712.09,9701.03,9710.31,288
2025-06-06 08:27:00,9710.46,9714.31,9702.78,9712.44,130
2025-06-06 08:28:00,9709.06,9713.95,9704.62,9705.61,158
2025-06-06 08:29:00,9709.07,9709.78,9703.2,9709.61,230
2025-06-06 08:30:00,9706.58,9713.33,9699.91,9705.25,286
2025-06-06 08:31:00,9711.12,9720.34,9710.56,9711.98,262
2025-06-06 08:32:00,9712.91,9719.35,9708.44,9713.11,186
2025-06-06 08:33:00,9707.96,9717.39,9699.57,9714.12,215
2025-06-06 08:34:00,9707.16,9707.35,9698.58,9705.22,87
2025-06-06 08:35:00,9712.33,9716.66,9708.77,9714.0,195
2025-06-06 08:36:00,9706.0,9715.89,9700.88,9707.06,297
2025-06-06 08:37:00,9712.94,9714.68,9711.27,9714.01,129
2025-06-06 08:38:00,9704.87,9710.89,9701.6,9704.71,203
2025-06-06 08:39:00,9706.56,9709.57,9701.93,9708.88,126
2025-06-06 08:40:00,9714.34,9715.57,9709.48,9713.17,200
2025-06-06 08:41:00,9720.84,9724.87,9718.43,9719.32,154
2025-06-06 08:42:00,9714.75,9724.74,9709.11,9724.59,111
2025-06-06 08:43:00,9713.39,9717.8,9705.62,9715.08,272
2025-06-06 08:44:00,9721.15,9721.24,9719.04,9719.07,274
2025-06-06 08:45:00,9723.14,9726.59,9717.53,9726.11,132
2025-06-06 08:46:00,9723.71,9723.94,9720.31,9723.63,189
2025-06-06 08:47:00,9724.44,9732.18,9716.8,9721.2,200
2025-06-06 08:48:00,9725.98,9732.5,9724.24,9732.05,141
2025-06-06 08:49:00,9723.75,9731.41,9717.65,9721.34,266
2025-06-06 08:50:00,9726.97,9735.59,9724.85,9726.22,163
2025-06-06 08:51:00,9725.81,9729.6,9723.01,9725.7,131
2025-06-06 08:52:00,9718.7,9726.74,9710.02,9723.52,260
2025-06-06 08:53:00,9711.54,9716.84,9707.86,9713.81,118
2025-06-06 08:54:00,9712.27,9717.73,9711.39,9712.47,222
2025-06-06 08:55:00,9708.51,9711.27,9707.87,9710.61,241
2025-06-06 08:56:00,9701.11,9703.22,9696.54,9700.88,249
2025-06-06 08:57:00,9698.86,9700.67,9693.43,9694.97,173
2025-06-06 08:58:00,9701.49,9704.04,9692.83,9693.96,100
2025-06-06 08:59:00,9700.56,9703.81,9696.82,9700.06,91
2025-06-06 09:00:00,9702.18,9706.65,9695.97,9697.67,165
2025-06-06 09:01:00,9709.95,9712.25,9709.48,9710.95,191
2025-06-06 09:02:00,9714.14,9723.58,9711.26,9713.63,98
2025-06-06 09:03:00,9715.57,9725.39,9711.42,9717.47,112
2025-06-06 09:04:00,9714.9,9722.81,9705.21,9712.52,226
2025-06-06 09:05:00,9719.61,9723.63,9712.63,9717.31,115
2025-06-06 09:06:00,9720.48,9729.64,9710.83,9727.53,140
2025-06-06 09:07:00,9724.99,9725.78,9720.68,9721.88,81
2025-06-06 09:08:00,9727.11,9731.87,9726.2,9728.65,116
2025-06-06 09:09:00,9719.96,9728.59,9715.53,9723.47,237
2025-06-06 09:10:00,9716.54,9717.65,9712.3,9715.18,191
2025-06-06 09:11:00,9720.01,9729.25,9711.81,9724.59,273
2025-06-06 09:12:00,9718.56,9719.56,9711.27,9711.29,208
2025-06-06 09:13:00,9717.6,9720.9,9716.07,9720.13,181
2025-06-06 09:14:00,9711.91,9716.38,9705.54,9710.51,53
2025-06-06 09:15:00,9718.71,9725.89,9717.29,9719.85,223
2025-06-06 09:16:00,9713.25,9719.27,9712.6,9716.39,125
2025-06-06 09:17:00,9711.8,9716.71,9705.3,9707.83,187
2025-06-06 09:18:00,9714.24,9718.99,9711.66,9714.1,189
2025-06-06 09:19:00,9720.69,9721.13,9712.69,9719.8,80
2025-06-06 09:20:00,9723.23,9728.25,9715.44,9721.35,164
2025-06-06 09:21:00,9728.86,9734.88,9728.68,9733.94,290
2025-06-06 09:22:00,9728.24,9728.34,9721.8,9727.18,202
2025-06-06 09:23:00,9726.07,9733.38,9725.82,9733.28,93
2025-06-06 09:24:00,9721.74,9724.69,9712.13,9722.29,195
2025-06-06 09:25:00,9720.09,9724.72,9710.77,9723.02,293
2025-06-06 09:26:00,9719.1,9726.83,9713.55,9723.83,135
2025-06-06 09:27:00,9711.09,9713.49,9709.06,9711.26,274
2025-06-06 09:28:00,9717.35,9722.16,9709.76,9719.82,251
2025-06-06 09:29:00,9716.84,9721.78,9707.98,9711.17,123
2025-06-06 09:30:00,9718.22,9719.63,9710.01,9713.43,204
2025-06-06 09:31:00,9714.03,9717.18,9708.9,9710.83,159
2025-06-06 09:32:00,9716.32,9723.09,9708.46,9712.76,97
2025-06-06 09:33:00,9714.62,9722.97,9707.74,9715.87,168
2025-06-06 09:34:00,9712.88,9713.01,9709.84,9711.56,278
2025-06-06 09:35:00,9701.98,9704.38,9698.39,9701.56,226
2025-06-06 09:36:00,9709.92,9717.38,9705.23,9713.61,199
2025-06-06 09:37:00,9697.82,9699.21,9695.4,9696.94,260
2025-06-06 09:38:00,9700.95,9705.07,9697.51,9700.04,213
2025-06-06 09:39:00,9706.43,9714.07,9696.79,9711.1,221
2025-06-06 09:40:00,9705.69,9713.79,9704.14,9710.89,200
2025-06-06 09:41:00,9708.9,9710.39,9703.08,9705.32,172
2025-06-06 09:42:00,9709.57,9718.09,9707.48,9708.96,62
2025-06-06 09:43:00,9706.59,9709.33,9698.48,9705.03,280
2025-06-06 09:44:00,9708.37,9709.41,9700.67,9705.69,282
2025-06-06 09:45:00,9711.69,9712.21,9703.15,9709.88,173
2025-06-06 09:46:00,9710.79,9711.0,9708.37,9708.81,180
2025-06-06 09:47:00,9702.97,9704.96,9697.93,9701.85,182
2025-06-06 09:48:00,9690.15,9699.8,9682.1,9684.96,145
2025-06-06 09:49:00,9705.05,9711.99,9702.37,9703.09,242
2025-06-06 09:50:00,9704.98,9714.95,9697.55,9711.12,188
2025-06-06 09:51:00,9710.96,9714.86,9702.65,9704.46,299
2025-06-06 09:52:00,9711.63,9713.91,9706.34,9712.11,79
2025-06-06 09:53:00,9708.92,9709.35,9705.93,9709.22,233
2025-06-06 09:54:00,9709.15,9709.39,9707.59,9709.35,59
2025-06-06 09:55:00,9705.7,9706.92,9698.11,9704.39,201
2025-06-06 09:56:00,9707.52,9715.56,9702.83,9704.83,185
2025-06-06 09:57:00,9711.2,9712.29,9701.82,9710.5,245
2025-06-06 09:58:00,9713.96,9720.77,9710.15,9719.51,288
2025-06-06 09:59:00,9714.41,9721.91,9714.03,9719.93,266
2025-06-06 10:00:00,9720.54,9723.27,9720.52,9722.41,89
2025-06-06 10:01:00,9714.04,9722.9,9707.42,9712.35,120
2025-06-06 10:02:00,9715.66,9723.3,9710.38,9722.16,225
2025-06-06 10:03:00,9721.84,9725.72,9712.51,9720.9,184
2025-06-06 10:04:00,9713.56,9716.72,9707.43,9708.47,212
2025-06-06 10:05:00,9717.55,9726.73,9712.29,9726.04,211
2025-06-06 10:06:00,9729.08,9733.65,9725.47,9733.17,89
2025-06-06 10:07:00,9727.62,9736.44,9725.97,9735.2,275
2025-06-06 10:08:00,9736.15,9742.82,9733.85,9736.53,69
2025-06-06 10:09:00,9739.61,9747.06,9737.87,9746.7,131
2025-06-06 10:10:00,9743.84,9752.54,9737.67,9745.52,195
2025-06-06 10:11:00,9747.89,9751.04,9742.51,9746.17,112
2025-06-06 10:12:00,9745.31,9748.97,9739.76,9746.88,106
2025-06-06 10:13:00,9740.07,9741.46,9736.55,9737.39,234
2025-06-06 10:14:00,9742.81,9752.36,9736.32,9736.39,241
2025-06-06 10:15:00,9733.72,9737.62,9729.6,9730.5,281
2025-06-06 10:16:00,9728.2,9729.66,9724.5,9729.02,227
2025-06-06 10:17:00,9740.28,9747.15,9736.7,9745.08,103
2025-06-06 10:18:00,9735.73,9736.0,9727.5,9730.89,232
2025-06-06 10:19:00,9736.14,9741.92,9730.73,9738.17,243
2025-06-06 10:20:00,9738.26,9738.5,9736.05,9736.16,256
2025-06-06 10:21:00,9738.6,9745.88,9731.27,9745.42,75
2025-06-06 10:22:00,9738.49,9739.11,9729.55,9737.83,91
2025-06-06 10:23:00,9736.26,9742.14,9731.82,9737.36,236
2025-06-06 10:24:00,9728.73,9738.64,9728.62,9728.64,290
2025-06-06 10:25:00,9730.63,9733.62,9723.12,9727.05,265
2025-06-06 10:26:00,9728.35,9729.28,9726.1,9727.16,231
2025-06-06 10:27:00,9727.36,9731.97,9723.05,9724.62,153
2025-06-06 10:28:00,9723.43,9730.5,9715.71,9727.86,147
2025-06-06 10:29:00,9730.63,9736.3,9728.4,9734.14,242
2025-06-06 10:30:00,9731.37,9736.31,9724.91,9726.38,75
2025-06-06 10:31:00,9733.72,9733.91,9728.59,9731.19,99
2025-06-06 10:32:00,9734.98,9735.43,9734.48,9735.03,104
2025-06-06 10:33:00,9730.58,9734.41,9722.64,9729.58,190
2025-06-06 10:34:00,9730.66,9736.2,9726.76,9732.48,141
2025-06-06 10:35:00,9732.03,9734.84,9724.15,9729.43,156
2025-06-06 10:36:00,9731.05,9739.16,9728.45,9737.39,142
2025-06-06 10:37:00,9734.72,9737.59,9726.58,9731.36,216
2025-06-06 10:38:00,9735.15,9743.56,9733.25,9740.89,105
2025-06-06 10:39:00,9735.08,9744.26,9731.11,9738.71,120
2025-06-06 10:40:00,9729.46,9734.37,9722.55,9724.94,205
2025-06-06 10:41:00,9734.5,9737.75,9731.65,9733.95,254
2025-06-06 10:42:00,9739.66,9742.64,9736.71,9741.94,136
2025-06-06 10:43:00,9737.9,9744.46,9732.32,9736.35,192
2025-06-06 10:44:00,9732.46,9734.47,9724.93,9729.05,96
2025-06-06 10:45:00,9731.79,9739.02,9722.94,9726.58,141
2025-06-06 10:46:00,9733.45,9737.7,9730.92,9734.05,145
2025-06-06 10:47:00,9741.17,9748.29,9734.19,9745.49,56
2025-06-06 10:48:00,9749.99,9758.53,9740.55,9753.7,142
2025-06-06 10:49:00,9737.9,9745.34,9732.28,9741.73,141
2025-06-06 10:50:00,9743.96,9749.15,9737.42,9740.25,286
2025-06-06 10:51:00,9734.13,9742.23,9728.67,9735.23,298
2025-06-06 10:52:00,9733.78,9736.45,9727.08,9728.55,113
2025-06-06 10:53:00,9729.54,9735.47,9728.44,9735.32,284
2025-06-06 10:54:00,9732.79,9734.17,9729.74,9731.13,218
2025-06-06 10:55:00,9726.79,9734.5,9725.35,9731.64,282
2025-06-06 10:56:00,9718.15,9725.56,9716.94,9718.7,113
2025-06-06 10:57:00,9713.66,9719.18,9712.02,9717.86,63
2025-06-06 10:58:00,9720.76,9721.94,9719.5,9719.7,172
2025-06-06 10:59:00,9727.72,9728.42,9726.58,9727.74,219
2025-06-06 11:00:00,9719.63,9726.75,9712.31,9717.74,295
2025-06-06 11:01:00,9721.68,9731.62,9712.51,9720.61,170
2025-06-06 11:02:00,9713.77,9716.8,9711.45,9716.62,172
2025-06-06 11:03:00,9705.75,9708.28,9703.11,9706.77,194
2025-06-06 11:04:00,9705.73,9709.8,9702.22,9707.34,297
2025-06-06 11:05:00,9707.87,9714.89,9698.01,9709.77,195
2025-06-06 11:06:00,9709.34,9713.12,9700.86,9704.31,247
2025-06-06 11:07:00,9701.94,9711.32,9692.26,9708.55,95
2025-06-06 11:08:00,9701.36,9703.72,9700.5,9700.85,102
2025-06-06 11:09:00,9705.05,9707.48,9704.44,9706.07,50
2025-06-06 11:10:00,9704.5,9707.38,9699.95,9702.91,107
2025-06-06 11:11:00,9701.76,9702.64,9697.42,9697.77,287
2025-06-06 11:12:00,9700.47,9705.7,9698.86,9702.22,179
2025-06-06 11:13:00,9706.86,9713.52,9701.9,9704.47,219
2025-06-06 11:14:00,9710.74,9717.62,9703.15,9703.23,295
2025-06-06 11:15:00,9717.49,9725.19,9711.6,9719.64,172
2025-06-06 11:16:00,9716.82,9720.82,9709.21,9714.87,88
2025-06-06 11:17:00,9707.51,9713.94,9700.48,9709.25,268
2025-06-06 11:18:00,9711.67,9717.96,9711.0,9711.86,136
2025-06-06 11:19:00,9720.63,9729.07,9719.4,9723.64,243
2025-06-06 11:20:00,9724.06,9733.41,9722.82,9729.85,181
2025-06-06 11:21:00,9718.44,9726.37,9714.56,9725.76,212
2025-06-06 11:22:00,9716.54,9717.95,9707.96,9712.95,182
2025-06-06 11:23:00,9726.32,9733.56,9724.15,9733.13,158
2025-06-06 11:24:00,9721.68,9726.63,9712.18,9715.51,184
2025-06-06 11:25:00,9710.17,9712.62,9708.08,9711.81,278
2025-06-06 11:26:00,9708.31,9715.89,9700.72,9706.08,252
2025-06-06 11:27:00,9710.64,9713.38,9705.63,9712.69,121
2025-06-06 11:28:00,9718.69,9724.41,9714.44,9722.02,161
2025-06-06 11:29:00,9716.8,9724.31,9715.84,9719.88,149
2025-06-06 11:30:00,9713.53,9714.88,9709.64,9714.78,273
2025-06-06 11:31:00,9717.09,9723.05,9709.81,9712.56,219
2025-06-06 11:32:00,9717.24,9721.65,9708.16,9712.16,238
2025-06-06 11:33:00,9719.49,9720.88,9715.23,9718.93,109
2025-06-06 11:34:00,9721.11,9723.35,9720.03,9720.37,220
2025-06-06 11:35:00,9729.39,9738.04,9721.28,9731.55,191
2025-06-06 11:36:00,9728.81,9738.59,9726.57,9726.72,176
2025-06-06 11:37:00,9723.16,9724.04,9720.42,9722.62,120
2025-06-06 11:38:00,9717.65,9724.17,9710.9,9720.56,229
2025-06-06 11:39:00,9712.99,9722.14,9711.86,9716.77,71
2025-06-06 11:40:00,9707.44,9715.2,9697.71,9704.92,138
2025-06-06 11:41:00,9708.87,9714.78,9706.43,9708.43,208
2025-06-06 11:42:00,9709.25,9717.25,9704.11,9709.57,245
2025-06-06 11:43:00,9699.22,9706.24,9691.59,9693.78,144
2025-06-06 11:44:00,9706.07,9707.53,9696.82,9700.81,260
2025-06-06 11:45:00,9696.92,9703.51,9691.09,9701.19,84
2025-06-06 11:46:00,9696.87,9702.17,9696.24,9702.0,70
2025-06-06 11:47:00,9698.1,9699.68,9695.36,9696.44,139
2025-06-06 11:48:00,9703.35,9706.87,9703.34,9705.39,66
2025-06-06 11:49:00,9710.14,9717.4,9709.66,9714.54,165
2025-06-06 11:50:00,9711.67,9714.35,9705.79,9705.8,222
2025-06-06 11:51:00,9706.79,9710.34,9699.86,9700.59,188
2025-06-06 11:52:00,9707.07,9712.54,9698.21,9707.79,236
2025-06-06 11:53:00,9715.71,9721.74,9715.46,9718.5,153
2025-06-06 11:54:00,9715.02,9717.54,9713.08,9714.98,201
2025-06-06 11:55:00,9713.66,9719.96,9712.31,9714.25,203
2025-06-06 11:56:00,9715.69,9716.29,9706.34,9712.7,150
2025-06-06 11:57:00,9715.81,9715.97,9714.88,9715.4,223
2025-06-06 11:58:00,9712.55,9719.47,9708.9,9712.81,250
2025-06-06 11:59:00,9715.1,9716.08,9712.46,9715.13,276
2025-06-06 12:00:00,9723.7,9724.34,9716.2,9718.66,179
2025-06-06 12:01:00,9723.6,9730.9,9719.04,9720.2,61
2025-06-06 12:02:00,9720.54,9728.29,9717.34,9724.05,93
2025-06-06 12:03:00,9724.26,9725.86,9720.22,9720.26,211
2025-06-06 12:04:00,9734.01,9734.41,9732.75,9734.19,153
2025-06-06 12:05:00,9737.41,9744.99,9733.21,9734.7,112
2025-06-06 12:06:00,9743.49,9752.94,9740.81,9744.09,260
2025-06-06 12:07:00,9739.61,9748.8,9730.76,9733.59,125
2025-06-06 12:08:00,9739.1,9747.59,9731.6,9741.09,119
2025-06-06 12:09:00,9739.59,9740.4,9731.21,9738.04,73
2025-06-06 12:10:00,9736.27,9736.85,9730.1,9736.51,56
2025-06-06 12:11:00,9741.96,9750.06,9736.81,9739.32,249
2025-06-06 12:12:00,9739.0,9748.88,9732.8,9747.59,270
2025-06-06 12:13:00,9731.96,9733.21,9731.66,9731.66,129
2025-06-06 12:14:00,9733.36,9735.51,9728.82,9734.68,151
2025-06-06 12:15:00,9737.46,9745.27,9729.88,9734.49,78
2025-06-06 12:16:00,9736.88,9739.89,9734.94,9735.48,198
2025-06-06 12:17:00,9736.85,9737.34,9733.79,9735.99,215
2025-06-06 12:18:00,9739.36,9746.75,9730.45,9738.1,59
2025-06-06 12:19:00,9733.7,9737.42,9725.95,9731.43,106
2025-06-06 12:20:00,9724.06,9731.39,9719.05,9727.6,67
2025-06-06 12:21:00,9718.23,9719.93,9715.04,9715.95,235
2025-06-06 12:22:00,9727.75,9735.88,9725.15,9725.97,252
2025-06-06 12:23:00,9728.22,9736.84,9724.83,9730.97,92
2025-06-06 12:24:00,9729.48,9736.51,9727.31,9729.45,222
2025-06-06 12:25:00,9724.78,9727.38,9716.45,9722.88,129
2025-06-06 12:26:00,9726.23,9733.86,9721.27,9721.6,78
2025-06-06 12:27:00,9724.74,9734.17,9720.39,9721.79,104
2025-06-06 12:28:00,9723.37,9731.08,9719.87,9730.99,62
2025-06-06 12:29:00,9728.67,9730.43,9727.92,9729.52,167
2025-06-06 12:30:00,9732.82,9739.66,9731.01,9734.02,299
2025-06-06 12:31:00,9732.16,9737.28,9725.48,9732.86,93
2025-06-06 12:32:00,9730.79,9736.37,9721.57,9734.63,187
2025-06-06 12:33:00,9728.3,9735.29,9722.76,9734.87,268
2025-06-06 12:34:00,9718.16,9725.25,9709.85,9716.71,122
2025-06-06 12:35:00,9714.49,9721.64,9706.26,9711.2,54
2025-06-06 12:36:00,9712.6,9713.92,9708.46,9712.4,132
2025-06-06 12:37:00,9707.58,9713.14,9705.42,9705.93,87
2025-06-06 12:38:00,9704.67,9711.1,9694.8,9699.6,120
2025-06-06 12:39:00,9702.34,9702.49,9697.08,9700.68,204
2025-06-06 12:40:00,9703.54,9708.33,9698.0,9706.99,234
2025-06-06 12:41:00,9703.34,9712.03,9696.81,9706.8,83
2025-06-06 12:42:00,9701.43,9706.51,9698.57,9706.48,229
2025-06-06 12:43:00,9704.97,9714.08,9695.51,9703.8,61
2025-06-06 12:44:00,9699.79,9704.6,9695.49,9700.79,67
2025-06-06 12:45:00,9699.17,9701.49,9689.86,9699.59,290
2025-06-06 12:46:00,9700.44,9702.43,9694.44,9698.47,289
2025-06-06 12:47:00,9700.26,9703.97,9691.33,9698.74,56
2025-06-06 12:48:00,9695.52,9696.43,9694.94,9695.06,202
2025-06-06 12:49:00,9697.16,9705.43,9688.19,9700.88,205
2025-06-06 12:50:00,9693.23,9697.26,9692.14,9694.61,240
2025-06-06 12:51:00,9690.03,9698.48,9683.8,9686.61,203
2025-06-06 12:52:00,9678.33,9678.86,9671.74,9677.34,211
2025-06-06 12:53:00,9672.87,9675.29,9672.73,9674.68,254
2025-06-06 12:54:00,9677.13,9683.61,9676.44,9679.19,96
2025-06-06 12:55:00,9675.8,9676.11,9665.85,9667.43,187
2025-06-06 12:56:00,9682.94,9692.62,9677.65,9682.31,165
2025-06-06 12:57:00,9675.94,9682.51,9673.45,9675.17,251
2025-06-06 12:58:00,9670.16,9677.01,9667.89,9670.58,168
2025-06-06 12:59:00,9664.32,9664.65,9658.06,9661.22,194
2025-06-06 13:00:00,9678.52,9685.25,9676.02,9684.38,77
2025-06-06 13:01:00,9679.49,9682.64,9671.69,9678.12,154
2025-06-06 13:02:00,9672.11,9674.77,9666.93,9672.57,270
2025-06-06 13:03:00,9674.17,9679.67,9665.51,9670.93,175
2025-06-06 13:04:00,9677.39,9680.62,9670.57,9670.69,150
2025-06-06 13:05:00,9678.43,9679.5,9675.63,9678.09,289
2025-06-06 13:06:00,9673.52,9679.16,9669.83,9678.65,107
2025-06-06 13:07:00,9679.4,9681.2,9670.42,9680.14,131
2025-06-06 13:08:00,9682.28,9683.06,9676.15,9682.48,83
2025-06-06 13:09:00,9685.31,9688.29,9682.73,9686.76,253
2025-06-06 13:10:00,9690.11,9691.63,9689.28,9689.94,220
2025-06-06 13:11:00,9685.12,9688.61,9681.34,9682.45,203
2025-06-06 13:12:00,9688.92,9696.12,9679.96,9695.74,104
2025-06-06 13:13:00,9694.14,9698.62,9691.52,9696.82,261
2025-06-06 13:14:00,9696.76,9703.24,9695.84,9698.66,179
2025-06-06 13:15:00,9695.11,9699.46,9689.84,9696.91,163
2025-06-06 13:16:00,9695.1,9705.09,9685.17,9691.86,212
2025-06-06 13:17:00,9698.88,9700.81,9694.28,9696.39,169
2025-06-06 13:18:00,9701.66,9707.15,9692.07,9694.19,191
2025-06-06 13:19:00,9697.19,9705.12,9689.43,9694.22,145
2025-06-06 13:20:00,9696.99,9704.5,9687.22,9697.23,164
2025-06-06 13:21:00,9691.68,9698.6,9682.1,9691.63,79
2025-06-06 13:22:00,9687.99,9688.85,9678.65,9679.98,182
2025-06-06 13:23:00,9693.21,9698.08,9685.15,9690.42,71
2025-06-06 13:24:00,9684.57,9693.6,9678.16,9683.6,227
2025-06-06 13:25:00,9684.39,9689.69,9682.0,9685.38,281
2025-06-06 13:26:00,9682.24,9684.33,9676.37,9683.35,251
2025-06-06 13:27:00,9682.92,9684.6,9673.1,9677.92,197
2025-06-06 13:28:00,9681.16,9688.76,9674.44,9688.74,231
2025-06-06 13:29:00,9679.04,9688.83,9675.7,9683.04,270
2025-06-06 13:30:00,9687.01,9689.92,9678.41,9682.22,124
2025-06-06 13:31:00,9692.59,9692.78,9690.06,9692.49,123
2025-06-06 13:32:00,9687.68,9688.4,9686.72,9687.32,163
2025-06-06 13:33:00,9686.49,9691.28,9680.1,9682.6,55
2025-06-06 13:34:00,9688.9,9691.79,9686.19,9690.47,72
2025-06-06 13:35:00,9689.1,9691.72,9686.42,9690.03,78
2025-06-06 13:36:00,9687.76,9690.52,9684.05,9685.82,268
2025-06-06 13:37:00,9687.14,9689.31,9682.65,9686.99,157
2025-06-06 13:38:00,9685.54,9694.84,9683.82,9685.41,197
2025-06-06 13:39:00,9674.6,9674.66,9667.2,9671.31,128
2025-06-06 13:40:00,9666.52,9671.97,9660.65,9663.94,213
2025-06-06 13:41:00,9674.69,9681.12,9670.9,9678.44,216
2025-06-06 13:42:00,9681.78,9685.39,9679.53,9680.26,136
2025-06-06 13:43:00,9684.49,9691.92,9676.05,9681.09,282
2025-06-06 13:44:00,9682.41,9692.29,9675.99,9689.25,229
2025-06-06 13:45:00,9689.01,9690.65,9686.43,9688.92,192
2025-06-06 13:46:00,9681.35,9681.96,9676.54,9678.44,55
2025-06-06 13:47:00,9678.21,9679.3,9671.5,9677.76,80
2025-06-06 13:48:00,9674.91,9677.86,9671.14,9675.08,92
2025-06-06 13:49:00,9670.68,9678.95,9668.44,9671.79,62
2025-06-06 13:50:00,9663.09,9672.13,9655.94,9666.59,83
2025-06-06 13:51:00,9660.64,9666.46,9658.63,9664.79,265
2025-06-06 13:52:00,9660.62,9664.11,9652.28,9654.41,219
2025-06-06 13:53:00,9654.27,9660.96,9646.54,9650.21,299
2025-06-06 13:54:00,9661.69,9664.27,9659.4,9660.69,208
2025-06-06 13:55:00,9656.25,9665.14,9655.96,9661.3,144
2025-06-06 13:56:00,9649.42,9655.18,9646.84,9649.35,65
2025-06-06 13:57:00,9653.62,9661.51,9651.77,9655.53,128
2025-06-06 13:58:00,9649.51,9649.71,9645.49,9649.6,127
2025-06-06 13:59:00,9655.13,9655.72,9645.61,9654.21,203
2025-06-06 14:00:00,9660.52,9661.33,9652.45,9654.47,139
2025-06-06 14:01:00,9667.28,9669.59,9657.49,9660.84,107
2025-06-06 14:02:00,9664.36,9673.76,9655.53,9661.2,153
2025-06-06 14:03:00,9662.07,9670.96,9659.49,9662.8,151
2025-06-06 14:04:00,9657.6,9663.9,9647.95,9653.31,238
2025-06-06 14:05:00,9666.83,9676.18,9663.92,9669.01,63
2025-06-06 14:06:00,9667.14,9671.26,9662.81,9668.55,257
2025-06-06 14:07:00,9667.26,9672.01,9664.16,9671.61,111
2025-06-06 14:08:00,9675.45,9681.79,9669.78,9680.45,220
2025-06-06 14:09:00,9676.43,9683.89,9676.09,9679.49,226
2025-06-06 14:10:00,9675.69,9682.11,9670.43,9675.74,212
2025-06-06 14:11:00,9680.07,9683.93,9672.07,9674.54,252
2025-06-06 14:12:00,9679.06,9686.45,9672.84,9675.66,176
2025-06-06 14:13:00,9680.21,9689.56,9679.02,9688.59,107
2025-06-06 14:14:00,9690.17,9693.15,9688.03,9691.29,112
2025-06-06 14:15:00,9694.71,9696.67,9689.62,9690.25,110
2025-06-06 14:16:00,9703.74,9706.63,9700.13,9700.79,148
2025-06-06 14:17:00,9701.1,9704.18,9700.15,9702.33,72
2025-06-06 14:18:00,9704.77,9712.29,9696.54,9704.16,186
2025-06-06 14:19:00,9711.85,9719.99,9705.0,9714.23,177
2025-06-06 14:20:00,9712.73,9713.92,9710.28,9711.24,207
2025-06-06 14:21:00,9704.53,9709.59,9703.64,9708.39,153
2025-06-06 14:22:00,9700.16,9702.18,9693.61,9701.37,276
2025-06-06 14:23:00,9699.9,9702.94,9691.29,9701.64,267
2025-06-06 14:24:00,9695.11,9705.0,9686.96,9694.99,168
2025-06-06 14:25:00,9694.37,9696.69,9689.45,9694.28,270
2025-06-06 14:26:00,9697.47,9703.33,9687.66,9696.48,134
2025-06-06 14:27:00,9697.4,9702.72,9696.12,9699.86,59
2025-06-06 14:28:00,9688.95,9696.49,9682.41,9692.78,75
2025-06-06 14:29:00,9687.62,9694.33,9685.03,9688.64,192
2025-06-06 14:30:00,9693.8,9702.39,9690.48,9693.06,174
2025-06-06 14:31:00,9699.65,9700.94,9695.35,9698.3,293
2025-06-06 14:32:00,9704.91,9713.67,9697.23,9703.63,196
2025-06-06 14:33:00,9706.62,9708.64,9705.9,9706.51,234
2025-06-06 14:34:00,9703.74,9704.85,9703.04,9704.77,268
2025-06-06 14:35:00,9705.57,9710.37,9702.18,9706.02,219
2025-06-06 14:36:00,9708.51,9714.21,9702.1,9705.71,168
2025-06-06 14:37:00,9716.12,9719.2,9708.24,9719.06,190
2025-06-06 14:38:00,9717.4,9723.73,9708.74,9712.95,296
2025-06-06 14:39:00,9723.21,9728.35,9720.53,9723.93,80
2025-06-06 14:40:00,9730.93,9739.88,9725.02,9734.62,231
2025-06-06 14:41:00,9728.99,9736.81,9723.9,9734.22,219
2025-06-06 14:42:00,9729.0,9731.35,9722.53,9730.65,165
2025-06-06 14:43:00,9727.32,9736.5,9719.64,9719.91,61
2025-06-06 14:44:00,9727.89,9732.48,9724.91,9731.0,253
2025-06-06 14:45:00,9730.95,9740.89,9727.64,9728.23,88
2025-06-06 14:46:00,9733.68,9739.42,9732.36,9737.47,203
2025-06-06 14:47:00,9732.62,9733.59,9730.17,9730.29,185
2025-06-06 14:48:00,9733.08,9736.09,9731.82,9732.93,275
2025-06-06 14:49:00,9728.42,9737.59,9722.72,9732.11,87
2025-06-06 14:50:00,9716.1,9718.55,9708.81,9714.6,87
2025-06-06 14:51:00,9716.09,9716.53,9712.96,9715.25,160
2025-06-06 14:52:00,9723.57,9724.37,9716.14,9723.02,202
2025-06-06 14:53:00,9725.7,9728.75,9719.24,9721.42,78
2025-06-06 14:54:00,9730.83,9736.97,9722.47,9727.63,126
2025-06-06 14:55:00,9726.85,9730.09,9719.41,9726.71,66
2025-06-06 14:56:00,9721.67,9726.89,9718.96,9724.65,149
2025-06-06 14:57:00,9722.91,9726.4,9715.15,9719.62,111
2025-06-06 14:58:00,9720.39,9726.15,9715.84,9725.85,166
2025-06-06 14:59:00,9718.76,9721.29,9715.61,9716.18,148
2025-06-06 15:00:00,9713.51,9717.8,9711.17,9712.83,230
2025-06-06 15:01:00,9714.17,9715.09,9705.65,9710.18,139
2025-06-06 15:02:00,9708.85,9716.6,9702.74,9703.74,153
2025-06-06 15:03:00,9705.46,9707.31,9705.08,9706.82,217
2025-06-06 15:04:00,9700.77,9707.53,9700.12,9705.73,231
2025-06-06 15:05:00,9701.37,9702.94,9696.95,9697.53,92
2025-06-06 15:06:00,9707.85,9717.06,9700.54,9716.96,61
2025-06-06 15:07:00,9708.76,9712.68,9704.34,9705.17,111
2025-06-06 15:08:00,9704.16,9713.15,9700.77,9710.61,256
2025-06-06 15:09:00,9702.99,9712.49,9693.7,9696.86,258
2025-06-06 15:10:00,9702.94,9706.94,9701.63,9703.06,271
2025-06-06 15:11:00,9703.39,9711.48,9698.42,9709.55,246
2025-06-06 15:12:00,9701.38,9709.39,9695.68,9704.13,115
2025-06-06 15:13:00,9704.32,9706.51,9696.5,9706.37,183
2025-06-06 15:14:00,9703.83,9704.65,9695.22,9696.06,87
2025-06-06 15:15:00,9700.43,9708.15,9700.02,9707.59,185
2025-06-06 15:16:00,9701.47,9702.29,9692.85,9700.74,224
2025-06-06 15:17:00,9703.21,9706.97,9694.4,9697.52,214
2025-06-06 15:18:00,9701.37,9707.38,9696.27,9699.22,50
2025-06-06 15:19:00,9708.43,9716.3,9707.8,9710.68,157
2025-06-06 15:20:00,9711.83,9715.79,9704.41,9705.87,262
2025-06-06 15:21:00,9710.47,9718.3,9704.58,9713.89,222
2025-06-06 15:22:00,9705.89,9708.57,9698.99,9702.8,183
2025-06-06 15:23:00,9702.87,9712.84,9701.99,9711.45,174
2025-06-06 15:24:00,9710.49,9719.24,9702.61,9707.13,144
2025-06-06 15:25:00,9715.23,9723.48,9706.23,9722.08,116
2025-06-06 15:26:00,9717.11,9726.93,9714.25,9726.45,262
2025-06-06 15:27:00,9716.39,9719.48,9711.9,9717.03,192
2025-06-06 15:28:00,9713.78,9718.92,9712.26,9715.76,57
2025-06-06 15:29:00,9711.58,9712.48,9706.8,9711.27,68
2025-06-06 15:30:00,9709.89,9719.38,9700.43,9707.27,294
2025-06-06 15:31:00,9713.63,9716.41,9707.45,9710.49,158
2025-06-06 15:32:00,9713.37,9721.88,9706.5,9708.65,238
2025-06-06 15:33:00,9718.9,9728.47,9714.54,9726.18,251
2025-06-06 15:34:00,9717.55,9718.27,9716.93,9717.8,290
2025-06-06 15:35:00,9726.91,9733.16,9716.91,9724.44,168
2025-06-06 15:36:00,9721.0,9722.48,9711.76,9714.73,163
2025-06-06 15:37:00,9725.55,9732.79,9717.51,9732.45,68
2025-06-06 15:38:00,9721.09,9729.26,9714.78,9723.41,209
2025-06-06 15:39:00,9727.74,9736.26,9720.26,9721.79,141
2025-06-06 15:40:00,9728.43,9732.82,9721.91,9727.04,110
2025-06-06 15:41:00,9727.03,9732.39,9723.31,9725.88,187
2025-06-06 15:42:00,9732.63,9741.12,9728.64,9739.21,72
2025-06-06 15:43:00,9730.86,9734.11,9727.36,9728.38,131
2025-06-06 15:44:00,9738.24,9739.89,9734.75,9738.83,62
2025-06-06 15:45:00,9740.97,9749.25,9736.43,9744.81,69
2025-06-06 15:46:00,9742.32,9744.59,9734.8,9739.91,284
2025-06-06 15:47:00,9737.38,9741.21,9736.91,9739.68,181
2025-06-06 15:48:00,9744.04,9744.06,9738.1,9738.88,291
2025-06-06 15:49:00,9739.66,9744.93,9732.67,9740.64,294
2025-06-06 15:50:00,9748.8,9749.5,9746.0,9748.31,151
2025-06-06 15:51:00,9743.99,9749.63,9738.02,9741.38,224
2025-06-06 15:52:00,9745.08,9748.92,9739.33,9745.04,71
2025-06-06 15:53:00,9741.36,9748.19,9736.74,9744.52,122
2025-06-06 15:54:00,9741.61,9749.29,9733.51,9738.69,145
2025-06-06 15:55:00,9736.28,9741.71,9731.16,9737.15,64
2025-06-06 15:56:00,9744.26,9748.87,9735.22,9746.69,122
2025-06-06 15:57:00,9742.81,9749.72,9733.12,9743.52,276
2025-06-06 15:58:00,9748.28,9754.17,9741.4,9747.28,80
2025-06-06 15:59:00,9746.02,9748.51,9745.45,9748.0,280
2025-06-06 16:00:00,9738.68,9743.72,9734.19,9738.93,168
2025-06-06 16:01:00,9742.96,9743.86,9740.44,9740.65,72
2025-06-06 16:02:00,9747.66,9754.99,9739.32,9743.04,173
2025-06-06 16:03:00,9747.55,9757.07,9744.55,9747.22,252
2025-06-06 16:04:00,9753.02,9761.27,9749.31,9750.64,253
2025-06-06 16:05:00,9752.12,9754.07,9742.32,9746.84,51
2025-06-06 16:06:00,9744.05,9747.94,9735.78,9745.52,231
2025-06-06 16:07:00,9743.85,9746.3,9742.65,9745.54,166
2025-06-06 16:08:00,9748.74,9750.3,9744.16,9745.93,200
2025-06-06 16:09:00,9747.69,9754.28,9743.01,9751.83,257
2025-06-06 16:10:00,9748.71,9752.18,9744.08,9751.64,50
2025-06-06 16:11:00,9746.68,9754.87,9744.15,9749.96,91
2025-06-06 16:12:00,9747.08,9749.04,9742.77,9743.02,231
2025-06-06 16:13:00,9744.41,9744.62,9743.88,9744.31,241
2025-06-06 16:14:00,9742.24,9748.34,9735.54,9738.16,229
2025-06-06 16:15:00,9743.75,9752.35,9734.18,9750.48,142
2025-06-06 16:16:00,9745.16,9749.47,9736.1,9743.69,177
2025-06-06 16:17:00,9746.16,9746.2,9744.3,9744.85,152
2025-06-06 16:18:00,9748.17,9749.71,9744.09,9745.12,190
2025-06-06 16:19:00,9758.9,9762.11,9750.14,9751.61,284
2025-06-06 16:20:00,9766.16,9772.01,9756.45,9759.56,51
2025-06-06 16:21:00,9761.95,9764.95,9753.4,9755.86,97
2025-06-06 16:22:00,9764.1,9771.88,9763.2,9769.93,192
2025-06-06 16:23:00,9759.89,9761.49,9755.31,9758.97,194
2025-06-06 16:24:00,9754.49,9764.36,9748.89,9762.61,161
2025-06-06 16:25:00,9745.13,9751.83,9738.1,9748.06,99
2025-06-06 16:26:00,9738.79,9745.96,9728.96,9732.42,112
2025-06-06 16:27:00,9742.38,9751.56,9735.85,9745.51,271
2025-06-06 16:28:00,9735.77,9737.16,9734.88,9737.01,252
2025-06-06 16:29:00,9732.04,9732.33,9729.78,9731.0,164
2025-06-06 16:30:00,9730.55,9730.8,9728.41,9729.76,53
2025-06-06 16:31:00,9724.64,9727.17,9719.41,9723.44,68
2025-06-06 16:32:00,9729.8,9732.69,9721.57,9730.13,185
2025-06-06 16:33:00,9723.88,9728.63,9717.5,9718.66,134
2025-06-06 16:34:00,9728.65,9729.2,9727.66,9729.11,298
2025-06-06 16:35:00,9725.02,9732.3,9721.74,9723.79,96
2025-06-06 16:36:00,9731.57,9734.08,9727.39,9732.98,200
2025-06-06 16:37:00,9734.59,9741.02,9730.08,9730.61,220
2025-06-06 16:38:00,9730.6,9737.37,9728.78,9736.09,242
2025-06-06 16:39:00,9730.35,9735.45,9729.6,9730.89,247
2025-06-06 16:40:00,9727.32,9736.88,9720.91,9721.11,245
2025-06-06 16:41:00,9725.32,9731.76,9724.53,9728.36,116
2025-06-06 16:42:00,9739.04,9741.91,9731.97,9740.51,158
2025-06-06 16:43:00,9741.32,9745.14,9740.46,9743.99,192
2025-06-06 16:44:00,9755.98,9764.8,9753.05,9763.57,91
2025-06-06 16:45:00,9758.04,9765.71,9754.22,9763.41,226
2025-06-06 16:46:00,9759.45,9765.78,9753.53,9754.91,264
2025-06-06 16:47:00,9762.84,9763.16,9759.59,9760.83,133
2025-06-06 16:48:00,9768.66,9775.29,9765.3,9767.2,93
2025-06-06 16:49:00,9774.55,9781.31,9770.95,9771.2,278
2025-06-06 16:50:00,9772.45,9773.44,9770.17,9771.83,67
2025-06-06 16:51:00,9773.18,9773.42,9765.38,9773.16,166
2025-06-06 16:52:00,9773.77,9780.52,9770.72,9777.71,197
2025-06-06 16:53:00,9768.3,9776.79,9759.71,9775.56,153
2025-06-06 16:54:00,9771.81,9774.36,9764.89,9770.85,134
2025-06-06 16:55:00,9773.64,9775.36,9770.04,9771.2,243
2025-06-06 16:56:00,9768.9,9770.99,9761.6,9766.43,105
2025-06-06 16:57:00,9771.94,9781.51,9766.93,9773.15,154
2025-06-06 16:58:00,9778.07,9784.33,9771.47,9782.65,114
2025-06-06 16:59:00,9768.63,9778.1,9763.41,9765.82,137
2025-06-06 17:00:00,9772.38,9780.94,9769.66,9780.74,135
2025-06-06 17:01:00,9769.43,9773.56,9766.45,9769.55,103
2025-06-06 17:02:00,9774.51,9777.71,9769.71,9770.09,229
2025-06-06 17:03:00,9787.61,9791.77,9786.46,9787.86,72
2025-06-06 17:04:00,9786.34,9786.5,9776.52,9785.16,113
2025-06-06 17:05:00,9788.56,9789.91,9784.89,9785.52,253
2025-06-06 17:06:00,9784.49,9790.04,9774.6,9788.76,221
2025-06-06 17:07:00,9785.6,9786.84,9780.28,9781.79,207
2025-06-06 17:08:00,9786.14,9788.83,9781.61,9783.64,198
2025-06-06 17:09:00,9782.69,9783.71,9776.63,9780.41,56
2025-06-06 17:10:00,9775.88,9779.63,9768.77,9774.04,120
2025-06-06 17:11:00,9771.02,9774.05,9770.13,9771.7,285
2025-06-06 17:12:00,9773.01,9781.18,9765.3,9772.5,66
2025-06-06 17:13:00,9772.87,9773.31,9766.39,9766.97,257
2025-06-06 17:14:00,9776.51,9783.66,9772.7,9777.13,136
2025-06-06 17:15:00,9766.76,9769.68,9766.71,9768.2,205
2025-06-06 17:16:00,9768.97,9775.98,9762.22,9771.75,129
2025-06-06 17:17:00,9771.22,9774.38,9766.32,9769.95,251
2025-06-06 17:18:00,9770.02,9777.83,9761.23,9766.31,166
2025-06-06 17:19:00,9768.35,9777.28,9762.82,9771.37,264
2025-06-06 17:20:00,9762.25,9762.48,9761.53,9761.88,287
2025-06-06 17:21:00,9765.09,9772.23,9759.67,9762.48,161
2025-06-06 17:22:00,9762.43,9770.38,9756.28,9763.58,265
2025-06-06 17:23:00,9759.47,9767.02,9759.24,9766.77,215
2025-06-06 17:24:00,9760.14,9761.93,9759.23,9760.84,176
2025-06-06 17:25:00,9763.43,9766.6,9761.64,9762.6,87
2025-06-06 17:26:00,9770.4,9779.48,9769.06,9774.15,114
2025-06-06 17:27:00,9763.51,9764.22,9758.72,9760.04,209
2025-06-06 17:28:00,9764.96,9769.32,9757.16,9760.44,160
2025-06-06 17:29:00,9771.74,9779.9,9767.74,9777.05,87
2025-06-06 17:30:00,9774.2,9776.26,9772.91,9774.05,198
2025-06-06 17:31:00,9781.24,9784.29,9781.03,9781.75,285
2025-06-06 17:32:00,9786.37,9790.8,9781.8,9788.69,215
2025-06-06 17:33:00,9782.3,9790.72,9779.06,9788.89,71
2025-06-06 17:34:00,9788.62,9792.23,9780.56,9784.12,76
2025-06-06 17:35:00,9786.38,9792.91,9785.21,9786.15,230
2025-06-06 17:36:00,9789.21,9795.34,9783.35,9785.14,203
2025-06-06 17:37:00,9786.93,9787.87,9786.59,9786.64,168
2025-06-06 17:38:00,9787.02,9794.53,9779.78,9793.7,205
2025-06-06 17:39:00,9786.46,9789.69,9776.58,9780.96,299
2025-06-06 17:40:00,9788.33,9790.99,9787.92,9788.7,217
2025-06-06 17:41:00,9787.98,9790.23,9786.2,9787.67,195
2025-06-06 17:42:00,9787.31,9790.26,9784.84,9787.52,52
2025-06-06 17:43:00,9788.28,9788.33,9786.42,9786.51,209
2025-06-06 17:44:00,9782.69,9784.74,9780.68,9781.86,162
2025-06-06 17:45:00,9791.34,9794.22,9790.45,9790.98,246
2025-06-06 17:46:00,9792.15,9801.66,9789.72,9801.21,115
2025-06-06 17:47:00,9787.41,9788.64,9778.11,9785.85,281
2025-06-06 17:48:00,9789.52,9790.05,9785.19,9786.2,246
2025-06-06 17:49:00,9794.66,9799.32,9787.79,9790.49,61
2025-06-06 17:50:00,9796.38,9797.89,9790.48,9793.01,233
2025-06-06 17:51:00,9796.56,9806.19,9796.15,9806.15,146
2025-06-06 17:52:00,9792.63,9801.45,9785.79,9796.06,63
2025-06-06 17:53:00,9797.75,9805.66,9787.89,9802.8,59
2025-06-06 17:54:00,9795.94,9801.3,9795.75,9799.56,180
2025-06-06 17:55:00,9800.96,9809.98,9798.55,9805.63,295
2025-06-06 17:56:00,9799.1,9808.01,9796.31,9796.52,233
2025-06-06 17:57:00,9802.58,9809.45,9793.68,9805.26,271
2025-06-06 17:58:00,9811.1,9820.24,9806.93,9814.84,54
2025-06-06 17:59:00,9808.2,9812.88,9801.36,9805.4,56
2025-06-06 18:00:00,9813.02,9820.2,9806.21,9809.39,232
2025-06-06 18:01:00,9811.36,9813.73,9806.47,9807.89,184
2025-06-06 18:02:00,9811.79,9819.54,9803.58,9818.79,173
2025-06-06 18:03:00,9814.8,9822.8,9809.9,9815.42,224
2025-06-06 18:04:00,9824.51,9830.22,9820.28,9825.08,259
2025-06-06 18:05:00,9825.98,9829.66,9821.08,9828.93,110
2025-06-06 18:06:00,9816.94,9823.81,9816.47,9817.35,204
2025-06-06 18:07:00,9812.94,9813.16,9809.72,9809.76,277
2025-06-06 18:08:00,9812.57,9817.89,9806.18,9816.19,58
2025-06-06 18:09:00,9800.1,9804.82,9798.73,9799.81,223
2025-06-06 18:10:00,9790.27,9792.14,9786.51,9788.33,186
2025-06-06 18:11:00,9789.43,9798.91,9788.6,9794.49,282
2025-06-06 18:12:00,9792.75,9794.97,9785.27,9786.62,120
2025-06-06 18:13:00,9792.3,9799.81,9788.28,9797.22,265
2025-06-06 18:14:00,9791.24,9799.43,9782.33,9790.43,79
2025-06-06 18:15:00,9788.45,9797.34,9779.79,9797.22,94
2025-06-06 18:16:00,9787.39,9793.58,9778.84,9785.0,78
2025-06-06 18:17:00,9787.51,9791.74,9779.94,9791.22,156
2025-06-06 18:18:00,9795.27,9804.22,9790.42,9794.27,55
2025-06-06 18:19:00,9797.49,9805.68,9793.35,9798.63,198
2025-06-06 18:20:00,9800.46,9805.05,9798.71,9799.09,145
2025-06-06 18:21:00,9801.89,9808.64,9795.2,9801.47,98
2025-06-06 18:22:00,9801.62,9808.46,9792.31,9806.46,153
2025-06-06 18:23:00,9803.0,9807.31,9797.26,9798.9,50
2025-06-06 18:24:00,9800.57,9802.43,9794.29,9794.78,77
2025-06-06 18:25:00,9802.58,9810.17,9799.59,9805.72,183
2025-06-06 18:26:00,9804.69,9810.35,9797.21,9807.1,154
2025-06-06 18:27:00,9803.04,9809.11,9794.16,9802.76,287
2025-06-06 18:28:00,9800.84,9808.75,9793.22,9804.13,100
2025-06-06 18:29:00,9799.12,9804.11,9792.59,9799.02,79
2025-06-06 18:30:00,9802.83,9806.2,9792.97,9801.28,256
2025-06-06 18:31:00,9801.78,9809.92,9793.88,9801.51,86
2025-06-06 18:32:00,9799.05,9799.46,9795.65,9797.05,224
2025-06-06 18:33:00,9806.66,9813.17,9797.62,9801.65,50
2025-06-06 18:34:00,9800.74,9802.59,9795.03,9796.28,264
2025-06-06 18:35:00,9805.99,9809.82,9797.4,9797.69,193
2025-06-06 18:36:00,9810.26,9816.06,9805.52,9806.26,229
2025-06-06 18:37:00,9802.8,9807.76,9797.63,9798.06,51
2025-06-06 18:38:00,9804.5,9808.4,9802.8,9807.21,166
2025-06-06 18:39:00,9812.84,9816.87,9805.4,9813.34,181
2025-06-06 18:40:00,9809.04,9816.65,9800.73,9803.66,199
2025-06-06 18:41:00,9800.16,9802.29,9797.42,9801.46,239
2025-06-06 18:42:00,9802.47,9807.55,9793.7,9800.64,82
2025-06-06 18:43:00,9799.95,9802.18,9793.87,9795.38,164
2025-06-06 18:44:00,9805.57,9815.14,9803.61,9813.68,140
2025-06-06 18:45:00,9809.63,9812.18,9809.48,9810.73,95
2025-06-06 18:46:00,9807.44,9813.23,9806.64,9808.69,75
2025-06-06 18:47:00,9806.88,9812.93,9802.99,9804.16,219
2025-06-06 18:48:00,9802.53,9808.28,9798.09,9798.6,129
2025-06-06 18:49:00,9793.38,9796.83,9787.64,9792.0,212
2025-06-06 18:50:00,9793.98,9797.84,9791.69,9794.14,160
2025-06-06 18:51:00,9789.33,9793.67,9779.59,9789.84,255
2025-06-06 18:52:00,9785.85,9791.93,9776.23,9787.05,237
2025-06-06 18:53:00,9790.19,9795.39,9784.2,9786.16,276
2025-06-06 18:54:00,9784.59,9790.12,9781.82,9784.66,263
2025-06-06 18:55:00,9791.62,9797.33,9786.14,9793.83,255
2025-06-06 18:56:00,9786.77,9788.48,9785.74,9786.17,261
2025-06-06 18:57:00,9788.44,9792.24,9786.43,9790.37,104
2025-06-06 18:58:00,9796.33,9805.74,9787.66,9794.71,108
2025-06-06 18:59:00,9800.91,9809.74,9796.31,9799.21,126
2025-06-06 19:00:00,9804.49,9805.89,9802.91,9804.8,184
2025-06-06 19:01:00,9802.63,9803.95,9802.51,9802.8,250
2025-06-06 19:02:00,9801.62,9806.0,9792.05,9805.58,232
2025-06-06 19:03:00,9808.27,9811.43,9803.48,9806.01,238
2025-06-06 19:04:00,9805.12,9808.4,9797.92,9801.99,83
2025-06-06 19:05:00,9801.65,9810.68,9799.96,9801.11,269
2025-06-06 19:06:00,9807.83,9816.09,9807.69,9814.75,218
2025-06-06 19:07:00,9809.99,9812.34,9803.51,9810.58,212
2025-06-06 19:08:00,9815.21,9815.22,9812.34,9812.79,131
2025-06-06 19:09:00,9816.72,9825.85,9806.91,9818.26,162
2025-06-06 19:10:00,9817.12,9823.01,9810.68,9811.29,57
2025-06-06 19:11:00,9825.16,9830.33,9818.05,9824.11,284
2025-06-06 19:12:00,9831.07,9835.16,9821.83,9824.41,282
2025-06-06 19:13:00,9830.89,9839.85,9822.4,9833.59,178
2025-06-06 19:14:00,9834.14,9842.48,9826.41,9841.45,136
2025-06-06 19:15:00,9840.44,9845.15,9835.92,9844.33,257
2025-06-06 19:16:00,9836.46,9837.3,9836.3,9836.89,213
2025-06-06 19:17:00,9833.19,9839.23,9830.77,9837.98,145
2025-06-06 19:18:00,9828.94,9837.28,9827.79,9836.13,92
2025-06-06 19:19:00,9831.02,9835.64,9821.5,9822.09,251
2025-06-06 19:20:00,9829.8,9832.64,9820.58,9826.38,164
2025-06-06 19:21:00,9827.07,9835.8,9826.89,9827.88,134
2025-06-06 19:22:00,9824.84,9833.6,9820.71,9822.73,206
2025-06-06 19:23:00,9821.67,9822.96,9821.27,9821.52,214
2025-06-06 19:24:00,9816.07,9821.5,9808.33,9811.93,80
2025-06-06 19:25:00,9817.89,9823.45,9808.32,9822.06,298
2025-06-06 19:26:00,9815.06,9816.88,9810.48,9810.99,207
2025-06-06 19:27:00,9811.81,9819.84,9810.61,9816.17,268
2025-06-06 19:28:00,9806.01,9814.95,9800.98,9806.87,292
2025-06-06 19:29:00,9806.15,9808.61,9800.78,9801.75,290
2025-06-06 19:30:00,9804.5,9806.25,9797.81,9806.23,252
2025-06-06 19:31:00,9815.67,9819.54,9806.69,9813.62,179
2025-06-06 19:32:00,9805.74,9812.17,9800.13,9808.32,187
2025-06-06 19:33:00,9804.0,9811.26,9800.96,9808.39,206
2025-06-06 19:34:00,9810.48,9820.16,9807.05,9810.03,198
2025-06-06 19:35:00,9805.69,9814.16,9798.91,9807.33,254
2025-06-06 19:36:00,9804.55,9806.88,9798.28,9802.06,119
2025-06-06 19:37:00,9806.73,9809.61,9804.45,9807.99,192
2025-06-06 19:38:00,9812.93,9821.8,9810.06,9819.43,287
2025-06-06 19:39:00,9807.9,9808.43,9806.86,9806.98,128
2025-06-06 19:40:00,9809.13,9815.43,9805.3,9808.02,298
2025-06-06 19:41:00,9803.25,9811.22,9797.6,9798.36,254
2025-06-06 19:42:00,9797.6,9804.0,9794.73,9795.14,126
2025-06-06 19:43:00,9798.29,9801.17,9796.95,9800.25,243
2025-06-06 19:44:00,9803.46,9804.67,9797.31,9799.2,255
2025-06-06 19:45:00,9802.63,9806.09,9798.39,9803.41,291
2025-06-06 19:46:00,9800.0,9807.77,9795.07,9803.84,99
2025-06-06 19:47:00,9793.37,9799.54,9788.95,9789.81,94
2025-06-06 19:48:00,9798.38,9805.01,9792.75,9803.04,83
2025-06-06 19:49:00,9799.24,9805.37,9797.46,9801.74,290
2025-06-06 19:50:00,9803.06,9805.63,9794.58,9796.79,90
2025-06-06 19:51:00,9795.53,9803.66,9794.56,9794.85,257
2025-06-06 19:52:00,9801.26,9808.0,9795.53,9803.11,255
2025-06-06 19:53:00,9793.13,9795.15,9786.07,9787.34,97
2025-06-06 19:54:00,9795.17,9797.51,9790.8,9795.1,163
2025-06-06 19:55:00,9798.19,9804.05,9791.54,9799.22,68
2025-06-06 19:56:00,9798.11,9803.02,9789.14,9794.73,157
2025-06-06 19:57:00,9796.7,9805.66,9789.11,9800.96,88
2025-06-06 19:58:00,9798.18,9804.39,9789.9,9797.36,184
2025-06-06 19:59:00,9799.89,9805.29,9791.2,9804.35,191
2025-06-06 20:00:00,9800.04,9806.44,9790.3,9795.49,285
2025-06-06 20:01:00,9793.71,9800.94,9787.72,9789.61,249
2025-06-06 20:02:00,9800.91,9809.35,9799.74,9807.81,104
2025-06-06 20:03:00,9803.52,9808.02,9797.09,9801.22,68
2025-06-06 20:04:00,9806.9,9809.87,9803.2,9805.67,208
2025-06-06 20:05:00,9807.79,9811.04,9799.49,9802.49,253
2025-06-06 20:06:00,9808.52,9817.62,9801.7,9807.1,94
2025-06-06 20:07:00,9805.82,9809.08,9804.39,9805.15,173
2025-06-06 20:08:00,9806.49,9810.7,9798.32,9807.58,235
2025-06-06 20:09:00,9803.17,9808.15,9802.1,9805.73,90
2025-06-06 20:10:00,9795.55,9795.94,9793.77,9795.31,89
2025-06-06 20:11:00,9797.85,9801.06,9797.03,9797.07,288
2025-06-06 20:12:00,9793.93,9798.83,9789.49,9789.86,151
2025-06-06 20:13:00,9789.81,9796.79,9782.74,9790.48,143
2025-06-06 20:14:00,9797.42,9802.38,9796.07,9797.48,228
2025-06-06 20:15:00,9796.91,9805.45,9789.66,9801.35,297
2025-06-06 20:16:00,9804.29,9811.74,9794.32,9802.5,161
2025-06-06 20:17:00,9797.56,9801.19,9789.21,9791.31,135
2025-06-06 20:18:00,9805.18,9812.51,9800.56,9803.25,59
2025-06-06 20:19:00,9809.55,9815.17,9806.17,9809.85,251
2025-06-06 20:20:00,9808.21,9811.3,9799.43,9806.48,207
2025-06-06 20:21:00,9807.23,9815.08,9803.32,9814.71,258
2025-06-06 20:22:00,9808.57,9810.87,9801.05,9810.01,225
2025-06-06 20:23:00,9796.42,9797.64,9791.71,9794.9,268
2025-06-06 20:24:00,9797.63,9800.55,9797.41,9799.11,259
2025-06-06 20:25:00,9792.32,9797.62,9789.02,9795.64,61
2025-06-06 20:26:00,9798.01,9806.02,9792.81,9798.98,144
2025-06-06 20:27:00,9799.46,9806.4,9793.4,9805.17,250
2025-06-06 20:28:00,9796.43,9804.39,9790.1,9797.61,55
2025-06-06 20:29:00,9793.27,9798.72,9791.04,9791.19,160
2025-06-06 20:30:00,9797.48,9798.59,9797.17,9798.16,215
2025-06-06 20:31:00,9782.21,9784.96,9778.63,9781.1,79
2025-06-06 20:32:00,9786.73,9791.51,9782.39,9784.25,250
2025-06-06 20:33:00,9791.33,9800.33,9782.78,9799.73,277
2025-06-06 20:34:00,9785.56,9790.23,9781.21,9787.68,115
2025-06-06 20:35:00,9796.49,9805.73,9788.5,9789.65,285
2025-06-06 20:36:00,9794.4,9802.74,9794.39,9801.99,82
2025-06-06 20:37:00,9791.97,9792.63,9789.99,9792.52,227
2025-06-06 20:38:00,9792.48,9793.94,9789.38,9791.31,79
2025-06-06 20:39:00,9796.53,9805.82,9792.23,9805.59,299
2025-06-06 20:40:00,9797.83,9805.83,9795.12,9799.57,171
2025-06-06 20:41:00,9793.05,9798.16,9792.64,9794.57,63
2025-06-06 20:42:00,9794.5,9798.13,9792.13,9795.4,176
2025-06-06 20:43:00,9787.74,9795.07,9786.85,9792.71,232
2025-06-06 20:44:00,9781.58,9789.01,9774.35,9787.07,248
2025-06-06 20:45:00,9773.32,9776.46,9768.32,9772.78,222
2025-06-06 20:46:00,9776.02,9781.59,9768.19,9770.77,280
2025-06-06 20:47:00,9775.86,9778.16,9768.55,9777.96,196
2025-06-06 20:48:00,9773.44,9776.66,9771.47,9771.73,212
2025-06-06 20:49:00,9772.74,9774.79,9771.15,9771.56,169
2025-06-06 20:50:00,9779.95,9787.21,9771.65,9784.09,107
2025-06-06 20:51:00,9779.48,9789.15,9771.77,9782.06,161
2025-06-06 20:52:00,9772.43,9775.49,9770.83,9772.77,250
2025-06-06 20:53:00,9777.48,9785.08,9770.86,9772.95,123
2025-06-06 20:54:00,9777.69,9778.49,9775.39,9777.98,265
2025-06-06 20:55:00,9774.06,9779.66,9771.86,9775.28,91
2025-06-06 20:56:00,9769.24,9770.86,9768.45,9768.67,181
2025-06-06 20:57:00,9774.19,9774.61,9771.45,9772.34,58
2025-06-06 20:58:00,9773.34,9776.11,9766.42,9767.56,228
2025-06-06 20:59:00,9774.07,9779.91,9770.21,9774.26,59
2025-06-06 21:00:00,9779.33,9783.13,9777.71,9781.56,60
2025-06-06 21:01:00,9770.3,9778.16,9767.35,9775.26,213
2025-06-06 21:02:00,9771.89,9778.8,9766.5,9777.25,143
2025-06-06 21:03:00,9775.55,9783.54,9770.52,9777.28,272
2025-06-06 21:04:00,9779.87,9787.84,9771.1,9772.78,203
2025-06-06 21:05:00,9771.66,9778.0,9762.38,9772.98,172
2025-06-06 21:06:00,9766.13,9775.15,9757.92,9760.32,278
2025-06-06 21:07:00,9768.63,9771.99,9768.49,9770.57,126
2025-06-06 21:08:00,9774.8,9774.97,9766.8,9772.67,245
2025-06-06 21:09:00,9770.2,9774.75,9765.33,9769.61,81
2025-06-06 21:10:00,9775.56,9777.21,9774.3,9776.51,67
2025-06-06 21:11:00,9772.83,9779.01,9767.52,9777.45,63
2025-06-06 21:12:00,9763.71,9773.23,9760.93,9771.64,58
2025-06-06 21:13:00,9773.33,9778.07,9771.46,9772.14,106
2025-06-06 21:14:00,9777.97,9781.68,9770.93,9775.57,230
2025-06-06 21:15:00,9788.52,9794.22,9781.51,9782.89,178
2025-06-06 21:16:00,9780.16,9783.13,9778.4,9781.03,128
2025-06-06 21:17:00,9781.13,9790.92,9775.45,9780.79,248
2025-06-06 21:18:00,9781.53,9783.92,9781.34,9783.6,242
2025-06-06 21:19:00,9776.68,9783.36,9767.61,9771.81,139
2025-06-06 21:20:00,9781.54,9782.74,9774.16,9780.13,188
2025-06-06 21:21:00,9784.45,9793.64,9775.25,9778.89,78
2025-06-06 21:22:00,9785.2,9789.65,9781.18,9784.97,61
2025-06-06 21:23:00,9774.35,9784.01,9772.52,9775.06,180
2025-06-06 21:24:00,9773.62,9774.82,9765.39,9773.23,52
2025-06-06 21:25:00,9785.3,9794.47,9780.99,9792.03,255
2025-06-06 21:26:00,9787.19,9788.64,9780.6,9787.87,139
2025-06-06 21:27:00,9787.66,9791.38,9780.63,9784.0,151
2025-06-06 21:28:00,9794.49,9798.46,9785.02,9795.73,177
2025-06-06 21:29:00,9786.08,9787.79,9781.23,9784.23,65
2025-06-06 21:30:00,9776.38,9776.61,9770.69,9771.35,284
2025-06-06 21:31:00,9781.85,9791.62,9777.18,9779.72,259
2025-06-06 21:32:00,9786.29,9791.83,9781.52,9784.89,256
2025-06-06 21:33:00,9785.01,9787.03,9778.29,9783.92,246
2025-06-06 21:34:00,9781.98,9786.37,9777.41,9784.2,192
2025-06-06 21:35:00,9788.83,9789.09,9785.74,9786.13,179
2025-06-06 21:36:00,9784.15,9788.16,9777.65,9780.59,158
2025-06-06 21:37:00,9785.25,9790.97,9780.21,9784.21,224
2025-06-06 21:38:00,9784.48,9792.59,9779.35,9783.69,105
2025-06-06 21:39:00,9783.09,9784.78,9774.47,9782.83,102
2025-06-06 21:40:00,9785.24,9785.82,9775.99,9777.2,232
2025-06-06 21:41:00,9788.63,9798.27,9787.9,9790.28,141
2025-06-06 21:42:00,9791.3,9797.02,9787.87,9792.95,208
2025-06-06 21:43:00,9788.62,9793.88,9783.89,9788.74,286
2025-06-06 21:44:00,9792.44,9801.28,9785.57,9797.37,174
2025-06-06 21:45:00,9795.59,9802.39,9791.57,9795.49,166
2025-06-06 21:46:00,9783.23,9785.01,9778.39,9781.72,216
2025-06-06 21:47:00,9783.29,9786.04,9783.17,9783.22,169
2025-06-06 21:48:00,9782.3,9786.01,9778.62,9783.95,224
2025-06-06 21:49:00,9785.52,9787.89,9779.68,9785.23,293
2025-06-06 21:50:00,9780.5,9784.23,9777.93,9779.02,59
2025-06-06 21:51:00,9781.27,9781.45,9777.61,9777.91,251
2025-06-06 21:52:00,9782.97,9791.45,9778.93,9782.68,195
2025-06-06 21:53:00,9785.76,9792.17,9782.85,9788.14,246
2025-06-06 21:54:00,9791.28,9800.17,9787.93,9796.67,260
2025-06-06 21:55:00,9793.41,9802.19,9791.15,9799.75,234
2025-06-06 21:56:00,9786.85,9790.09,9781.5,9790.01,74
2025-06-06 21:57:00,9786.24,9796.01,9780.65,9781.59,52
2025-06-06 21:58:00,9779.43,9788.44,9779.34,9780.75,204
2025-06-06 21:59:00,9771.49,9774.47,9766.58,9772.11,69
2025-06-06 22:00:00,9771.07,9776.39,9762.79,9772.17,205
2025-06-06 22:01:00,9770.63,9772.04,9768.28,9768.93,196
2025-06-06 22:02:00,9780.44,9781.26,9775.54,9779.29,50
2025-06-06 22:03:00,9780.64,9784.89,9779.88,9782.46,105
2025-06-06 22:04:00,9777.54,9780.85,9776.9,9780.72,186
2025-06-06 22:05:00,9773.79,9780.09,9768.9,9779.09,145
2025-06-06 22:06:00,9775.86,9784.43,9775.36,9782.04,172
2025-06-06 22:07:00,9767.93,9776.43,9766.33,9776.04,57
2025-06-06 22:08:00,9765.09,9771.19,9764.16,9768.3,111
2025-06-06 22:09:00,9767.71,9770.41,9760.5,9768.23,134
2025-06-06 22:10:00,9764.99,9765.8,9760.04,9760.77,117
2025-06-06 22:11:00,9768.91,9769.04,9765.84,9766.62,296
2025-06-06 22:12:00,9771.65,9777.02,9770.5,9774.0,185
2025-06-06 22:13:00,9773.83,9777.34,9773.22,9776.76,273
2025-06-06 22:14:00,9769.08,9779.06,9766.95,9770.52,270
2025-06-06 22:15:00,9768.25,9770.94,9759.17,9770.83,172
2025-06-06 22:16:00,9762.91,9764.69,9760.79,9763.71,244
2025-06-06 22:17:00,9764.48,9773.5,9756.91,9763.26,99
2025-06-06 22:18:00,9760.11,9763.35,9758.06,9760.77,121
2025-06-06 22:19:00,9764.08,9771.48,9762.21,9767.98,199
2025-06-06 22:20:00,9760.59,9762.78,9756.42,9762.44,136
2025-06-06 22:21:00,9758.43,9760.34,9754.26,9759.01,216
2025-06-06 22:22:00,9762.38,9770.4,9754.67,9766.59,177
2025-06-06 22:23:00,9758.8,9766.7,9749.38,9752.51,210
2025-06-06 22:24:00,9755.98,9761.05,9746.18,9755.44,255
2025-06-06 22:25:00,9755.42,9757.78,9746.68,9756.12,238
2025-06-06 22:26:00,9753.89,9761.48,9747.51,9757.61,144
2025-06-06 22:27:00,9754.35,9764.31,9744.71,9753.26,271
2025-06-06 22:28:00,9757.89,9759.45,9751.61,9755.21,292
2025-06-06 22:29:00,9754.82,9760.01,9748.79,9752.96,52
2025-06-06 22:30:00,9761.44,9762.72,9756.94,9761.55,78
2025-06-06 22:31:00,9755.75,9759.39,9749.67,9750.9,208
2025-06-06 22:32:00,9751.27,9756.73,9745.24,9751.99,294
2025-06-06 22:33:00,9743.87,9752.04,9741.1,9748.53,239
2025-06-06 22:34:00,9749.47,9758.32,9745.36,9756.0,246
2025-06-06 22:35:00,9742.16,9744.82,9732.7,9734.24,267
2025-06-06 22:36:00,9738.31,9745.74,9733.26,9743.55,122
2025-06-06 22:37:00,9746.06,9754.22,9737.98,9742.01,69
2025-06-06 22:38:00,9743.79,9747.39,9741.0,9743.42,268
2025-06-06 22:39:00,9742.01,9751.61,9734.61,9751.17,191
2025-06-06 22:40:00,9744.1,9745.46,9738.54,9741.4,139
2025-06-06 22:41:00,9749.37,9753.9,9740.62,9742.5,278
2025-06-06 22:42:00,9751.18,9760.15,9749.75,9756.96,182
2025-06-06 22:43:00,9753.54,9758.92,9750.22,9754.27,112
2025-06-06 22:44:00,9753.46,9755.41,9751.1,9755.33,121
2025-06-06 22:45:00,9759.72,9764.78,9754.46,9756.75,114
2025-06-06 22:46:00,9746.16,9754.51,9737.07,9744.64,90
2025-06-06 22:47:00,9741.79,9746.16,9740.77,9743.82,78
2025-06-06 22:48:00,9740.51,9745.83,9736.34,9738.32,261
2025-06-06 22:49:00,9732.24,9735.33,9725.69,9729.65,277
2025-06-06 22:50:00,9735.35,9741.68,9728.61,9741.61,278
2025-06-06 22:51:00,9743.92,9744.92,9742.79,9743.1,185
2025-06-06 22:52:00,9747.41,9756.89,9743.75,9745.18,225
2025-06-06 22:53:00,9738.7,9748.23,9735.84,9741.59,217
2025-06-06 22:54:00,9737.55,9741.16,9737.4,9739.5,103
2025-06-06 22:55:00,9740.84,9740.97,9731.47,9735.08,186
2025-06-06 22:56:00,9737.8,9743.39,9729.92,9738.33,216
2025-06-06 22:57:00,9730.05,9731.03,9720.27,9724.15,195
2025-06-06 22:58:00,9726.71,9732.56,9725.38,9728.5,169
2025-06-06 22:59:00,9733.42,9739.19,9725.95,9737.71,127
2025-06-06 23:00:00,9731.65,9735.05,9727.15,9732.06,201
2025-06-06 23:01:00,9731.12,9738.04,9723.48,9725.94,174
2025-06-06 23:02:00,9737.14,9740.22,9734.85,9739.77,262
2025-06-06 23:03:00,9733.06,9742.09,9725.17,9729.21,86
2025-06-06 23:04:00,9732.09,9739.28,9730.03,9738.78,296
2025-06-06 23:05:00,9731.31,9739.45,9728.13,9736.89,130
2025-06-06 23:06:00,9729.89,9737.36,9724.37,9736.99,80
2025-06-06 23:07:00,9724.51,9732.28,9717.81,9727.3,94
2025-06-06 23:08:00,9734.99,9736.97,9733.58,9735.15,59
2025-06-06 23:09:00,9735.23,9743.59,9727.67,9733.16,246
2025-06-06 23:10:00,9728.75,9736.12,9723.44,9728.76,268
2025-06-06 23:11:00,9727.26,9736.0,9717.8,9722.56,220
2025-06-06 23:12:00,9724.69,9733.05,9716.66,9722.94,214
2025-06-06 23:13:00,9721.01,9727.61,9713.82,9714.75,259
2025-06-06 23:14:00,9719.44,9724.69,9710.5,9720.04,254
2025-06-06 23:15:00,9723.86,9726.5,9719.02,9720.12,93
2025-06-06 23:16:00,9728.3,9735.13,9723.17,9724.22,164
2025-06-06 23:17:00,9734.47,9738.02,9727.99,9733.88,62
2025-06-06 23:18:00,9729.6,9732.25,9726.45,9730.44,204
2025-06-06 23:19:00,9719.74,9720.27,9717.26,9717.59,63
2025-06-06 23:20:00,9721.79,9722.94,9712.52,9713.96,93
2025-06-06 23:21:00,9728.78,9738.34,9720.09,9725.41,105
2025-06-06 23:22:00,9734.98,9738.04,9728.17,9736.53,280
2025-06-06 23:23:00,9735.65,9738.46,9733.01,9738.37,157
2025-06-06 23:24:00,9734.33,9742.45,9729.25,9740.58,255
2025-06-06 23:25:00,9742.18,9748.49,9734.52,9737.41,188
2025-06-06 23:26:00,9738.4,9738.97,9738.31,9738.75,278
2025-06-06 23:27:00,9738.86,9741.07,9729.08,9732.11,93
2025-06-06 23:28:00,9737.18,9740.76,9728.13,9733.29,267
2025-06-06 23:29:00,9729.74,9736.13,9725.29,9732.48,227
2025-06-06 23:30:00,9728.1,9728.51,9721.75,9725.69,84
2025-06-06 23:31:00,9723.02,9724.67,9717.3,9721.37,263
2025-06-06 23:32:00,9728.74,9734.62,9721.04,9733.1,170
2025-06-06 23:33:00,9733.0,9741.48,9725.9,9740.82,177
2025-06-06 23:34:00,9728.92,9733.57,9721.85,9724.36,93
2025-06-06 23:35:00,9724.83,9733.13,9719.35,9730.55,273
2025-06-06 23:36:00,9722.14,9728.43,9720.14,9721.86,236
2025-06-06 23:37:00,9723.06,9730.89,9714.95,9722.68,236
2025-06-06 23:38:00,9729.87,9732.03,9723.37,9726.73,192
2025-06-06 23:39:00,9727.78,9728.92,9723.82,9726.12,267
2025-06-06 23:40:00,9728.76,9732.95,9728.32,9730.38,202
2025-06-06 23:41:00,9729.84,9737.34,9719.89,9733.45,203
2025-06-06 23:42:00,9732.2,9732.63,9722.54,9728.66,139
2025-06-06 23:43:00,9732.04,9740.4,9726.67,9735.17,186
2025-06-06 23:44:00,9734.13,9742.87,9733.98,9742.47,261
2025-06-06 23:45:00,9737.34,9740.81,9734.28,9734.44,84
2025-06-06 23:46:00,9740.15,9746.15,9735.99,9737.7,159
2025-06-06 23:47:00,9735.9,9738.34,9727.75,9735.6,292
2025-06-06 23:48:00,9732.42,9736.21,9723.42,9724.02,102
2025-06-06 23:49:00,9731.01,9733.55,9727.88,9729.97,62
2025-06-06 23:50:00,9727.54,9732.58,9725.05,9729.55,93
2025-06-06 23:51:00,9728.58,9729.04,9722.78,9724.99,89
2025-06-06 23:52:00,9722.4,9727.77,9720.0,9720.39,299
2025-06-06 23:53:00,9743.56,9745.37,9741.49,9744.33,274
2025-06-06 23:54:00,9747.74,9753.16,9747.37,9751.46,200
2025-06-06 23:55:00,9745.49,9747.2,9744.95,9746.34,227
2025-06-06 23:56:00,9751.19,9752.74,9747.12,9749.0,274
2025-06-06 23:57:00,9755.4,9765.12,9753.45,9755.84,52
2025-06-06 23:58:00,9763.17,9772.12,9760.4,9769.86,90
2025-06-06 23:59:00,9763.91,9765.81,9760.35,9764.55,154
2025-06-07 00:00:00,9763.43,9763.74,9760.06,9761.61,124
2025-06-07 00:01:00,9759.14,9767.77,9749.37,9751.67,78
2025-06-07 00:02:00,9761.8,9768.02,9752.1,9760.37,66
2025-06-07 00:03:00,9764.41,9770.51,9758.1,9767.08,134
2025-06-07 00:04:00,9773.76,9779.06,9766.12,9773.85,278
2025-06-07 00:05:00,9775.51,9778.82,9765.66,9777.22,162
2025-06-07 00:06:00,9777.25,9778.57,9773.04,9777.19,177
2025-06-07 00:07:00,9775.91,9777.69,9770.28,9776.17,77
2025-06-07 00:08:00,9776.33,9784.12,9775.95,9783.89,51
2025-06-07 00:09:00,9779.9,9781.69,9777.03,9777.85,150
2025-06-07 00:10:00,9783.38,9791.95,9776.12,9791.71,134
2025-06-07 00:11:00,9781.73,9791.24,9772.4,9780.26,136
2025-06-07 00:12:00,9784.67,9784.92,9781.22,9784.16,54
2025-06-07 00:13:00,9781.69,9784.4,9772.35,9777.74,249
2025-06-07 00:14:00,9780.43,9782.02,9772.49,9776.5,128
2025-06-07 00:15:00,9765.09,9770.63,9759.6,9768.7,252
2025-06-07 00:16:00,9763.46,9768.4,9756.71,9759.26,278
2025-06-07 00:17:00,9763.19,9765.13,9756.7,9765.09,134
2025-06-07 00:18:00,9763.2,9763.89,9755.93,9763.05,114
2025-06-07 00:19:00,9755.74,9758.35,9753.99,9757.61,137
2025-06-07 00:20:00,9753.99,9754.44,9747.52,9747.95,58
2025-06-07 00:21:00,9749.17,9752.17,9745.12,9746.27,261
2025-06-07 00:22:00,9754.74,9756.22,9752.98,9754.75,133
2025-06-07 00:23:00,9761.84,9763.14,9756.83,9763.06,291
2025-06-07 00:24:00,9758.84,9766.6,9751.45,9758.47,225
2025-06-07 00:25:00,9765.16,9766.17,9755.59,9756.28,93
2025-06-07 00:26:00,9770.15,9776.78,9769.82,9774.85,120
2025-06-07 00:27:00,9766.67,9766.81,9759.94,9761.76,157
2025-06-07 00:28:00,9770.6,9779.76,9768.83,9772.65,241
2025-06-07 00:29:00,9766.04,9770.91,9759.79,9766.27,278
2025-06-07 00:30:00,9765.43,9766.88,9760.43,9764.4,90
2025-06-07 00:31:00,9765.69,9772.45,9759.04,9771.26,200
2025-06-07 00:32:00,9759.37,9762.03,9754.9,9760.83,95
2025-06-07 00:33:00,9763.98,9772.43,9760.42,9764.41,280
2025-06-07 00:34:00,9762.41,9766.77,9758.33,9764.82,171
2025-06-07 00:35:00,9762.27,9765.26,9759.22,9762.21,235
2025-06-07 00:36:00,9758.59,9767.61,9750.89,9763.58,164
2025-06-07 00:37:00,9760.06,9761.89,9755.09,9760.6,70
2025-06-07 00:38:00,9756.88,9759.11,9747.75,9756.62,144
2025-06-07 00:39:00,9755.08,9764.66,9746.67,9749.74,288
2025-06-07 00:40:00,9756.05,9758.15,9754.93,9756.97,105
2025-06-07 00:41:00,9760.64,9762.7,9756.03,9758.92,149
2025-06-07 00:42:00,9762.23,9764.39,9752.77,9762.81,197
2025-06-07 00:43:00,9767.05,9771.07,9763.0,9770.32,270
2025-06-07 00:44:00,9773.83,9783.28,9772.85,9779.19,111
2025-06-07 00:45:00,9779.37,9781.45,9771.24,9774.89,123
2025-06-07 00:46:00,9781.75,9786.4,9772.21,9782.27,150
2025-06-07 00:47:00,9784.38,9793.5,9781.52,9786.11,161
2025-06-07 00:48:00,9789.79,9794.1,9782.88,9786.88,208
2025-06-07 00:49:00,9786.57,9793.96,9784.41,9792.82,213
2025-06-07 00:50:00,9789.34,9791.78,9780.39,9786.47,97
2025-06-07 00:51:00,9786.89,9793.43,9784.68,9790.79,160
2025-06-07 00:52:00,9789.16,9795.94,9784.06,9795.3,68
2025-06-07 00:53:00,9793.31,9799.85,9783.75,9798.8,213
2025-06-07 00:54:00,9801.74,9810.74,9793.36,9803.41,120
2025-06-07 00:55:00,9801.53,9804.53,9799.97,9801.84,223
2025-06-07 00:56:00,9805.74,9806.71,9804.64,9805.81,129
2025-06-07 00:57:00,9800.62,9807.0,9796.07,9799.88,61
2025-06-07 00:58:00,9799.44,9802.62,9792.44,9797.14,142
2025-06-07 00:59:00,9801.04,9801.89,9799.83,9800.88,150
2025-06-07 01:00:00,9799.61,9805.33,9799.08,9805.11,204
2025-06-07 01:01:00,9796.66,9805.96,9790.47,9803.9,278
2025-06-07 01:02:00,9798.35,9798.56,9794.06,9795.51,262
2025-06-07 01:03:00,9804.99,9809.92,9795.98,9799.59,271
2025-06-07 01:04:00,9800.96,9802.84,9793.57,9794.87,107
2025-06-07 01:05:00,9803.77,9805.01,9796.09,9797.4,286
2025-06-07 01:06:00,9806.8,9809.12,9797.51,9807.9,247
2025-06-07 01:07:00,9800.4,9801.22,9798.8,9800.8,213
2025-06-07 01:08:00,9794.89,9803.67,9785.49,9789.33,60
2025-06-07 01:09:00,9808.54,9814.36,9808.25,9808.56,57
2025-06-07 01:10:00,9803.33,9807.54,9802.0,9802.03,94
2025-06-07 01:11:00,9805.91,9811.45,9801.79,9808.53,207
2025-06-07 01:12:00,9804.36,9806.94,9796.81,9800.06,113
2025-06-07 01:13:00,9799.49,9807.25,9795.79,9799.01,196
2025-06-07 01:14:00,9793.76,9794.21,9792.99,9793.44,297
2025-06-07 01:15:00,9794.94,9795.25,9790.76,9793.56,292
2025-06-07 01:16:00,9797.07,9801.05,9796.55,9801.05,76
2025-06-07 01:17:00,9803.13,9803.44,9798.06,9803.31,174
2025-06-07 01:18:00,9799.65,9807.51,9798.47,9803.64,92
2025-06-07 01:19:00,9798.56,9807.3,9793.98,9799.04,123
2025-06-07 01:20:00,9795.25,9795.54,9791.49,9792.37,191
2025-06-07 01:21:00,9795.87,9801.24,9794.48,9799.39,126
2025-06-07 01:22:00,9797.08,9800.49,9794.85,9800.46,208
2025-06-07 01:23:00,9791.65,9797.53,9784.45,9786.57,196
2025-06-07 01:24:00,9793.0,9798.68,9784.03,9798.1,74
2025-06-07 01:25:00,9804.26,9805.98,9803.9,9805.14,296
2025-06-07 01:26:00,9805.28,9813.73,9798.61,9801.07,157
2025-06-07 01:27:00,9796.45,9803.78,9794.23,9798.46,295
2025-06-07 01:28:00,9789.53,9798.26,9788.35,9792.09,52
2025-06-07 01:29:00,9790.05,9793.76,9784.1,9791.88,244
2025-06-07 01:30:00,9790.36,9791.75,9780.57,9790.19,142
2025-06-07 01:31:00,9788.04,9791.42,9784.1,9786.61,246
2025-06-07 01:32:00,9785.51,9787.47,9784.62,9785.96,61
2025-06-07 01:33:00,9790.64,9794.94,9782.44,9789.46,80
2025-06-07 01:34:00,9783.42,9787.46,9778.28,9780.07,221
2025-06-07 01:35:00,9782.59,9783.39,9779.26,9779.81,170
2025-06-07 01:36:00,9783.92,9787.17,9781.42,9785.82,127
2025-06-07 01:37:00,9775.31,9777.69,9772.56,9772.66,179
2025-06-07 01:38:00,9776.83,9779.83,9770.7,9779.71,271
2025-06-07 01:39:00,9779.65,9787.47,9777.28,9780.16,177
2025-06-07 01:40:00,9779.15,9789.08,9776.64,9787.77,180
2025-06-07 01:41:00,9777.63,9786.53,9772.23,9784.31,258
2025-06-07 01:42:00,9781.93,9791.25,9772.83,9781.85,122
2025-06-07 01:43:00,9784.74,9793.65,9775.76,9784.11,136
2025-06-07 01:44:00,9786.69,9789.88,9779.72,9783.73,219
2025-06-07 01:45:00,9783.95,9790.89,9782.94,9783.0,90
2025-06-07 01:46:00,9779.71,9783.81,9777.36,9782.17,117
2025-06-07 01:47:00,9779.56,9784.34,9771.16,9782.14,163
2025-06-07 01:48:00,9774.59,9776.42,9767.0,9770.33,213
2025-06-07 01:49:00,9781.18,9788.4,9777.56,9784.26,73
2025-06-07 01:50:00,9780.71,9785.31,9778.29,9785.07,132
2025-06-07 01:51:00,9779.33,9782.15,9774.83,9777.59,164
2025-06-07 01:52:00,9775.97,9779.18,9769.9,9776.21,206
2025-06-07 01:53:00,9774.43,9780.81,9768.76,9773.54,297
2025-06-07 01:54:00,9771.08,9772.24,9761.34,9764.75,179
2025-06-07 01:55:00,9765.54,9769.79,9759.3,9759.93,224
2025-06-07 01:56:00,9764.88,9770.83,9761.55,9769.56,52
2025-06-07 01:57:00,9753.06,9758.58,9749.98,9757.85,60
2025-06-07 01:58:00,9749.0,9758.59,9739.46,9742.46,201
2025-06-07 01:59:00,9735.23,9735.61,9732.7,9733.19,80
